"视频BV号","视频标题"
"BV1Ea4y1z7pE","《崩坏：星穹铁道》走近星穹――「雪衣：偃偶少女会不会受伤」"
"BV1de411i7ed","《崩坏：星穹铁道》走近星穹――「模拟宇宙：黄金与机械」特别节目"
"BV15i4y1h79i","《崩坏：星穹铁道》走近星穹――「阮梅：玩模拟宇宙就是要吃阮饭」"
"BV1rj411J7sN","《崩坏：星穹铁道》阮梅角色PV――「万物生」"
"BV1pb4y1V7Qw","《崩坏：星穹铁道》千星纪游PV：「阮声落华裳，梅出似点妆」"
"BV1si4y1e7GL","《崩坏：星穹铁道》1.6版本「庸与神的冠冕」前瞻特别节目"
"BV1zj411p7KH","《崩坏：星穹铁道》1.6版本PV：「庸与神的冠冕」"
"BV1qb4y1L7mD","《崩坏：星穹铁道》TGA参选视频：「常看常新的故事」"
"BV1DN411L7bm","《崩坏：星穹铁道》走近星穹――「寒鸦：杜绝加班，远离魔阴」"
"BV1zu4y1g7x8","《崩坏：星穹铁道》走近星穹――「银枝：花瓣去哪儿了？」"
"BV1JH4y117k5","《崩坏：星穹铁道》银枝角色PV――「骑士文学」"
"BV1Lu411F7Q8","《崩坏：星穹铁道》走近星穹――「藿藿：战胜恐惧的唯一办法…逃跑！」"
"BV1mj411E7eB","《崩坏：星穹铁道》藿藿角色PV――「回魂夜」"
"BV1Xw411K7Mg","《崩坏：星穹铁道》千星纪游PV：「绥园伏鬼记」"
"BV1oN411u7iT","《崩坏：星穹铁道》走近星穹――「桂乃芬：锣鼓一响，好戏开场！」"
"BV1TG411y78s","《崩坏：星穹铁道》 1.5版本「迷离幻夜谈」前瞻特别节目"
"BV1Uu4y1h7RG","《崩坏：星穹铁道》1.5版本PV：「迷离幻夜谈」"
"BV1D84y1R7Uc","《崩坏：星穹铁道》走近星穹――「托帕&账账：债务优化，迎面变局」"
"BV1kN4y1r7AL","《崩坏：星穹铁道》托帕&账账角色PV――「专家教学」"
"BV1Gg4y1d7bi","崩跑吧，开拓者！"
"BV1ny4y1P7SN","《崩坏：星穹铁道》千星纪游PV：「星际和平导览：甄选、规划和机遇」"
"BV1iu411K75L","《崩坏：星穹铁道》走近星穹――「镜流：名师出高徒」"
"BV1vw411r7yL","《崩坏：星穹铁道》镜流角色PV――「剑出无回」"
"BV15H4y1o75F","《崩坏：星穹铁道》现实邀约PV：「一起出去玩嘛！」"
"BV12N4y1o7ET","《崩坏：星穹铁道》千星纪游PV：「云骑武经说剑」"
"BV1XH4y1m7f2","《崩坏：星穹铁道》1.4版本「冬梦激醒」前瞻特别节目"
"BV1U34y1G73e","《崩坏：星穹铁道》1.4版本PV：「冬梦激醒」"
"BV1sk4y1c7U3","《崩坏：星穹铁道》星穹研习会03期――「预测未来」"
"BV1by4y1F7dx","《崩坏：星穹铁道》TGS参展视频：「掌中宇宙」"
"BV1A34y1N7cD","《崩坏：星穹铁道》走近星穹――「玲可：大的药来了！」"
"BV1ty4y1F7mU","星穹铁道教你0基础做美食"
"BV1tw411e7ux","《崩坏：星穹铁道》走近星穹――「符玄：世纪难题之下任将军究竟何时赴任？」"
"BV1R94y1W7pL","《崩坏：星穹铁道》符玄角色PV――「法眼无遗」"
"BV1fF41167RN","《崩坏：星穹铁道》走近星穹――「模拟宇宙：寰宇蝗灾」特别节目"
"BV1qN4y1R7cu","《崩坏：星穹铁道》走近星穹――「丹恒饮月：神秘男子的隐藏实力」"
"BV1Th4y1S7KF","《崩坏：星穹铁道》动画短片：「玄黄」"
"BV1nu4y1D7Ex","《崩坏：星穹铁道》千星纪游PV：「仙舟通鉴五龙远徙」"
"BV1dF411C77c","《崩坏：星穹铁道》丹恒饮月角色PV――「归去来」"
"BV13p4y1K7Qn","《崩坏：星穹铁道》Gamescom参展视频：「神策府总司一切大小事务将军」"
"BV1SX4y1W7fi","《崩坏：星穹铁道》1.3版本「天镜映劫尘」前瞻特别节目"
"BV1CG411f7Aq","《崩坏：星穹铁道》1.3版本PV：「天镜映劫尘」"
"BV1Nu411H7C6","《崩坏：星穹铁道》千星纪游PV：「耶佩拉叛乱：第47场」"
"BV1Tj41167WW","《崩坏：星穹铁道》走近星穹――「卢卡：义肢打拳是否犯规？」"
"BV1L14y1q7ox","《崩坏：星穹铁道》走近星穹――「卡芙卡：西装丽人的另一面」"
"BV1MN41187U6","《崩坏：星穹铁道》卡芙卡角色PV――「戏剧性反讽」"
"BV1Rp4y1V7Jq","《崩坏：星穹铁道》遥远星球之歌VOL.2：仙舟的音乐戏法"
"BV1EF411X7PF","《崩坏：星穹铁道》EP：「水龙吟」"
"BV1Nx4y1d7aj","《崩坏：星穹铁道》走近星穹――「刃：永生者的美景」"
"BV12h4y1j7Pw","《崩坏：星穹铁道》刃角色PV――「死兆将至」"
"BV1SP411C7Dt","《崩坏：星穹铁道》1.2版本「仙骸有终」前瞻特别节目"
"BV1xg4y1P75E","《崩坏：星穹铁道》1.2版本PV：「仙骸有终」"
"BV1S14y127Mz","《崩坏：星穹铁道》走近星穹――「驭空：罗浮司舵竟曾是飙车族」"
"BV1XV4y1y7mT","《崩坏：星穹铁道》走近星穹――「罗刹：棺材中的隐秘」"
"BV1PV4y1y77C","《崩坏：星穹铁道》罗刹角色PV――「行者明誓」"
"BV1zz4y1v7r8","《崩坏：星穹铁道》SGF参展视频：「宇宙游戏」"
"BV1gu4y1Z7cu","《崩坏：星穹铁道》走近星穹――「银狼：宇宙第一天才骇客！」"
"BV15o4y1u7pH","《崩坏：星穹铁道》银狼角色PV――「有点意思」"
"BV1XT41147q3","《崩坏：星穹铁道》1.1版本PV：「银河漫游」"
"BV1Xu411W7Sp","《崩坏：星穹铁道》1.1版本「银河漫游」前瞻特别节目"
"BV17s4y1M7bn","《崩坏：星穹铁道》走近星穹――「景元：闭目将军睁眼的真相」"
"BV11z4y187KN","《崩坏：星穹铁道》景元角色PV――「天地为枰」"
"BV16g4y157Zc","《崩坏：星穹铁道》动画短片：「飞光」"
"BV19o4y1x7tX","《崩坏：星穹铁道》千星纪游PV：「仙舟通鉴帝弓七天将」"
"BV1Qh411L7ES","《崩坏：星穹铁道》列车环游记  黟县站"
"BV1Xo4y1x7t9","《崩坏：星穹铁道》星穹研习会02期――「畅想银河」"
"BV1EM4y1h7Vm","《崩坏：星穹铁道》千星纪游PV：「有关星空的寓言集其一」"
"BV1sz4y1h7iM","《崩坏：星穹铁道》遥远星球之歌VOL.1：雅利洛-Ⅵ"
"BV1Lc411T78x","《崩坏：星穹铁道》走近星穹――「瓦尔特：重返一线育新苗」"
"BV1Cg4y1L7fC","《崩坏：星穹铁道》启程庆典"
"BV1uk4y1n7aj","《崩坏：星穹铁道》走近星穹――「克拉拉：警惕人工智能」"
"BV1dL411h7v8","《崩坏：星穹铁道》走近星穹――「布洛妮娅：下任大守护者不能说的秘密」"
"BV1Eh4y1n7iw","《崩坏：星穹铁道》走近星穹――「希儿：离奇消失的地火奇人」"
"BV1rh4y1n77f","《崩坏：星穹铁道》OP：「星间旅行」"
"BV1gP411U71v","《崩坏：星穹铁道》开服寄语「CV篇」"
"BV1bh411E7SQ","《崩坏：星穹铁道》希儿角色PV――「一夜无事」"
"BV1ho4y1j7Ps","直面危机，星穹铁道做了一个艰难的决定"
"BV1as4y127qn","《崩坏：星穹铁道》星穹研习会01期――「走出家园」"
"BV1G24y1A7CF","《崩坏：星穹铁道》杰帕德角色PV――「以朗道之名」"
"BV1tT411W7T9","《崩坏：星穹铁道》姬子角色PV――「追星星的人」"
"BV1ms4y1S7Q4","《崩坏：星穹铁道》前瞻特别节目"
"BV13m4y1k7au","来，快上车！"
"BV12Y411e7jQ","《崩坏：星穹铁道》彦卿角色PV――「锋寒砺淬」"
"BV1n84y1G7HE","《崩坏：星穹铁道》白露角色PV――「天干物燥」"
"BV1fA411R7pq","《崩坏：星穹铁道》跃迁PV：「太空喜剧」"
"BV1eg411U7yz","《崩坏：星穹铁道》剧情PV：「见证者」"
"BV1od4y1R7Tf","《崩坏：星穹铁道》剧情PV：「梦魇」"
"BV18G4y1a7Pg","《崩坏：星穹铁道》EP ：「雪融于烬」"
"BV13S4y1E78K","《崩坏：星穹铁道》EP：「失控」"
"BV1Gt4y1H7wF","《崩坏：星穹铁道》SGF参展视频：「致将启程的你」"
"BV1BY411u7wQ","《崩坏：星穹铁道》希露瓦角色PV――「引爆在即！」"
"BV1dv4y1A7gL","《崩坏：星穹铁道》开场动画：「一幕短剧」"
"BV1ur4y1n71Y","《崩坏：星穹铁道》漫游PV：「你」的选择"
"BV1VY4y1a78f","《崩坏：星穹铁道》三月七角色PV――「来，拍照啦！」"
"BV1L341117xS","《崩坏：星穹铁道》始发PV：下一站，银河！"
