词组,拼音,结果
阿贝多,a bei duo,成功
阿丑,a chou,成功
阿德菲,a de fei,成功
阿贾克斯,a jia ke si,成功
阿弥利多学院,a mi li duo xue yuan,成功
阿莫斯之弓,a mo si zhi gong,成功
阿如村,a ru cun,成功
阿如的倒影,a ru de dao ying,成功
阿萨里格,a sa li ge,成功
阿山婆,a shan po,成功
阿斯托洛吉斯,a si tuo luo ji si,成功
阿陀河谷,a tuo he gu,成功
艾尔海森,ai er hai sen,成功
艾尔卡萨扎莱宫,ai er ka sa zha lai gong,成功
艾琳,ai lin,成功
埃洛伊,ai luo yi,成功
哀叙冰玉,ai xu bing yu,成功
哀叙冰玉断片,ai xu bing yu duan pian,成功
哀叙冰玉块,ai xu bing yu kuai,成功
哀叙冰玉碎屑,ai xu bing yu sui xie,成功
安柏,an bai,成功
暗藏柔顺的叶纹,an cang rou shun de ye wen,成功
安淳伞叶,an chun san ye,成功
黯淡棱镜,an dan leng jing,成功
安德留斯,an de liu si,成功
暗含坚韧的肌理,an han jian ren de ji li,成功
黯火炉心,an huo lu xin,成功
暗流,an liu,成功
安眠奢想,an mian she xiang,成功
安眠帷幕,an mian wei mu,成功
黯色空壳,an se kong ke,成功
安神秘法,an shen mi fa,成功
暗铁剑,an tie jian,成功
暗文隐语谜题册,an wen yin yu mi ti ce,成功
暗巷的酒与诗,an xiang de jiu yu shi,成功
暗巷猎手,an xiang lie shou,成功
暗巷闪光,an xiang shan guang,成功
安心之所,an xin zhi suo,成功
奥藏山,ao cang shan,成功
奥拉夫,ao la fu,成功
奥摩斯港,ao mo si gang,成功
奥赛尔,ao sai er,成功
奥义,ao yi,成功
奥兹,ao zi,成功
奥兹发射器,ao zi fa she qi,成功
芭芭拉,ba ba la,成功
芭芭拉冲呀,ba ba la chong ya,成功
巴巴托斯,ba ba tuo si,成功
芭别尔,ba bie er,成功
八重神子,ba chong shen zi,成功
八重堂,ba chong tang,成功
巴顿,ba dun,成功
巴尔,ba er,成功
八衢姬之地,ba qu ji zhi di,成功
八衢彦之地,ba qu yan zhi di,成功
八酝岛,ba yun dao,成功
白辰之环,bai chen zhi huan,成功
百川集海,bai chuan ji hai,成功
白垩色的威压,bai e se de wei ya,成功
白垩之子,bai e zhi zi,成功
白垩之子座,bai e zhi zi zuo,成功
白鸽,bai ge,成功
白狐之野,bai hu zhi ye,成功
白驹逆旅,bai ju ni lv,成功
百里琳琅街,bai li lin lang jie,成功
白练鹰,bai lian ying,成功
白鹭公主,bai lu gong zhu,成功
百巧千奇,bai qiao qian qi,成功
白刃流转,bai ren liu zhuan,成功
白日鸣雷,bai ri ming lei,成功
摆设图纸,bai she tu zhi,成功
百岁珊,bai sui shan,成功
白铁大剑,bai tie da jian,成功
白铁块,bai tie kuai,成功
白铁矿,bai tie kuang,成功
白铁小堇瓜,bai tie xiao jin gua,成功
百无禁忌箓,bai wu jin ji lu,成功
白夜,bai ye,成功
白夜皓月,bai ye hao yue,成功
败叶珍枝树,bai ye zhen zhi shu,成功
白影剑,bai ying jian,成功
白缨枪,bai ying qiang,成功
白玉莲盏,bai yu lian zhan,成功
白玉萝卜,bai yu luo bo,成功
白月枝芒,bai yue zhi mang,成功
白汁时蔬烩肉,bai zhi shi shu hui rou,成功
伴君眠花房,ban jun mian hua fang,成功
半埋沙中的信笺,ban mai sha zhong de xin jian,成功
班尼冒险团,ban ni mao xian tuan,成功
班尼特,ban ni te,成功
半夏沈香茶,ban xia shen xiang cha,成功
半永恒统辖矩阵,ban yong heng tong xia ju zhen,成功
爆炒肉片,bao chao rou pian,成功
爆弹,bao dan,成功
爆弹丘丘人,bao dan qiu qiu ren,成功
暴恶嗤笑面,bao e chi xiao mian,成功
报恩之守,bao en zhi shou,成功
暴风之眼,bao feng zhi yan,成功
饱腹感凝胶,bao fu gan ning jiao,成功
暴击率,bao ji lv,成功
暴击伤害,bao ji shang hai,成功
暴击头,bao ji tou,成功
爆裂火花,bao lie huo hua,成功
孢囊晶尘,bao nang jing chen,成功
爆伤,bao shang,成功
暴伤头,bao shang tou,成功
爆炎树,bao yan shu,成功
饱饮之丘,bao yin zhi qiu,成功
宝藏归离,bao zang gui li,成功
北地猫,bei di mao,成功
北地苹果焖肉,bei di ping guo men rou,成功
北地犬,bei di quan,成功
北地烟熏鸡,bei di yan xun ji,成功
北斗,bei dou,成功
北风的魂匣,bei feng de hun xia,成功
北风的王狼,bei feng de wang lang,成功
北风狼,bei feng lang,成功
北风之环,bei feng zhi huan,成功
北风之狼,bei feng zhi lang,成功
北风之狼的庙宇,bei feng zhi lang de miao yu,成功
北风之尾,bei feng zhi wei,成功
北国银行,bei guo yin hang,成功
被怜爱的少女,bei lian ai de shao nv,成功
北陆,bei lu,成功
北陆单手剑,bei lu dan shou jian,成功
北陆法器,bei lu fa qi,成功
北陆双手剑,bei lu shuang shou jian,成功
北陆武器原胚,bei lu wu qi yuan pei,成功
背弃之塔,bei qi zhi ta,成功
备战的兵器工坊,bei zhan de bing qi gong fang,成功
奔狼的领主,ben lang de ling zhu,成功
奔狼领,ben lang ling,成功
奔袭战术,ben xi zhan shu,成功
本相元件,ben xiang yuan jian,成功
蹦蹦庆典拉炮,beng beng qing dian la pao,成功
蹦蹦炸弹,beng beng zha dan,成功
彼岸蝶舞,bi an die wu,成功
比勒琪斯,bi le qi si,成功
比量现行之茎,bi liang xian xing zhi jing,成功
壁炉之家,bi lu zhi jia,成功
避让之丘,bi rang zhi qiu,成功
碧水原,bi shui yuan,成功
碧团雀,bi tuan que,成功
变格,bian ge,成功
变格效果,bian ge xiao guo,成功
变化万端,bian hua wan duan,成功
遍结寒霜的傲骨,bian jie han shuang de ao gu,成功
边境堡垒,bian jing bao lei,成功
便携营养袋,bian xie ying yang dai,成功
变异雷史莱姆,bian yi lei shi lai mu,成功
辩章,bian zhang,成功
缤彩飘曳,bin cai piao ye,成功
镔铁沙丘,bin tie sha qiu,成功
冰潮的涡旋,bing chao de wo xuan,成功
冰尘弹,bing chen dan,成功
冰尘雪野,bing chen xue ye,成功
冰弛,bing chi,成功
冰铳,bing chong,成功
冰铳重卫士,bing chong zhong wei shi,成功
冰弹,bing dan,成功
冰弹丘丘人,bing dan qiu qiu ren,成功
冰盾,bing dun,成功
冰盾丘丘暴徒,bing dun qiu qiu bao tu,成功
冰盾丘丘人,bing dun qiu qiu ren,成功
冰风迷途的勇士,bing feng mi tu de yong shi,成功
冰钩钩果汁,bing gou gou guo zhi,成功
冰寒蚀骨,bing han shi gu,成功
冰华,bing hua,成功
冰箭,bing jian,成功
冰箭丘丘人,bing jian qiu qiu ren,成功
冰晶蝶,bing jing die,成功
冰棱,bing leng,成功
冰莲,bing lian,成功
冰翎,bing ling,成功
冰灵珠,bing ling zhu,成功
冰酿烈调,bing niang lie tiao,成功
冰胖,bing pang,成功
冰飘浮灵,bing piao fu ling,成功
冰气酒雾领域,bing qi jiu wu ling yu,成功
冰枪,bing qiang,成功
冰丘丘萨满,bing qiu qiu sa man,成功
兵刃锻造站,bing ren duan zao zhan,成功
冰伤,bing shang,成功
冰伤杯,bing shang bei,成功
冰神瞳,bing shen tong,成功
冰深渊法师,bing shen yuan fa shi,成功
冰史莱姆,bing shi lai mu,成功
冰霜骗骗花,bing shuang pian pian hua,成功
冰套,bing tao,成功
冰涡之剑,bing wo zhi jian,成功
冰雾花,bing wu hua,成功
冰雾花花朵,bing wu hua hua duo,成功
屏息秘传,bing xi mi chuan,成功
冰雪故园的终期,bing xue gu yuan de zhong qi,成功
冰萤,bing ying,成功
冰萤术士,bing ying shu shi,成功
冰元素,bing yuan su,成功
冰元素伤害,bing yuan su shang hai,成功
兵阵石,bing zhen shi,成功
薄荷豆汤,bo he dou tang,成功
薄荷果冻,bo he guo dong,成功
薄红榴璃散千瓣,bo hong liu li san qian ban,成功
薄红蟹,bo hong xie,成功
波乱月白经津,bo luan yue bai jing jin,成功
波起云海,bo qi yun hai,成功
玻瑞亚斯,bo rui ya si,成功
博士,bo shi,成功
博闻强记,bo wen qiang ji,成功
不卜庐,bu bu lu,成功
不倒貉貉,bu dao hao hao,成功
不动流,bu dong liu,成功
不动流格斗术,bu dong liu ge dou shu,成功
不动心,bu dong xin,成功
不动玄石之相,bu dong xuan shi zhi xiang,成功
捕风瓶,bu feng ping,成功
不公的天空,bu gong de tian kong,成功
不羁型贝特,bu ji xing bei te,成功
布兰琪,bu lan qi,成功
布鲁斯,bu lu si,成功
不灭月华,bu mie yue hua,成功
不畏风雨,bu wei feng yu,成功
不稳定的烧瓶,bu wen ding de shao ping,成功
不稳定发现,bu wen ding fa xian,成功
不祥的面具,bu xiang de mian ju,成功
不休的天象,bu xiu de tian xiang,成功
不厌细流,bu yan xi liu,成功
布衣石,bu yi shi,成功
不至之风,bu zhi zhi feng,成功
裁定,cai ding,成功
裁断的翎羽,cai duan de ling yu,成功
采集物,cai ji wu,成功
裁落钧衡,cai luo jun heng,成功
采樵谷,cai qiao gu,成功
蔡书瑾,cai shu jin,成功
踩踏蹦跳的禁区,cai ta beng tiao de jin qu,成功
猜先有方,cai xian you fang,成功
裁叶萃光,cai ye cui guang,成功
残毁的横脊,can hui de heng ji,成功
参量质变仪,can liang zhi bian yi,成功
残片,can pian,成功
苍白套,cang bai tao,成功
苍白之火,cang bai zhi huo,成功
仓璧驱之长昭天理,cang bi qu zhi chang zhao tian li,成功
苍翠猎弓,cang cui lie gong,成功
苍翠之风,cang cui zhi feng,成功
苍风高地,cang feng gao di,成功
藏弓待用,cang gong dai yong,成功
苍古,cang gu,成功
苍古自由之誓,cang gu zi you zhi shi,成功
藏金盗宝鼬,cang jin dao bao you,成功
藏金之花,cang jin zhi hua,成功
藏镜仕女,cang jing shi nv,成功
仓鹫庇卫,cang jiu bi wei,成功
藏雷野实,cang lei ye shi,成功
苍砾蕊羽,cang li rui yu,成功
苍铁诘晨树,cang tie jie chen shu,成功
苍铁平午树,cang tie ping wu shu,成功
藏蕴花矢,cang yun hua shi,成功
藏蕴破障,cang yun po zhang,成功
草晶蝶,cao jing die,成功
草木之业缚,cao mu zhi ye fu,成功
草飘浮灵,cao piao fu ling,成功
草丘丘萨满,cao qiu qiu sa man,成功
草伤,cao shang,成功
草伤杯,cao shang bei,成功
草神,cao shen,成功
草神瞳,cao shen tong,成功
草神瞳共鸣石,cao shen tong gong ming shi,成功
草史莱姆,cao shi lai mu,成功
草套,cao tao,成功
草王,cao wang,成功
草蕈兽,cao xun shou,成功
草原核,cao yuan he,成功
草元素,cao yuan su,成功
草元素伤害,cao yuan su shang hai,成功
草之灵蛇厄灵,cao zhi ling she e ling,成功
草之印,cao zhi yin,成功
草主,cao zhu,成功
恻隐本义,ce yin ben yi,成功
层岩巨渊,ceng yan ju yuan,成功
茶博士刘苏,cha bo shi liu su,成功
查尔斯,cha er si,成功
茶饭之所,cha fan zhi suo,成功
茶馆一隅,cha guan yi yu,成功
茶诃落谷,cha he luo gu,成功
刹那生灭,cha na sheng mie,成功
刹那之花,cha na zhi hua,成功
茶羽鹰,cha yu ying,成功
柴犬,chai quan,成功
柴犬座,chai quan zuo,成功
柴烟庖屋,chai yan pao wu,成功
蒇护禁罔,chan hu jin wang,成功
缠络标记,chan luo biao ji,成功
禅那园,chan na yuan,成功
缠藤箭,chan teng jian,成功
巉岩琢塑之樽,chan yan zhuo su zhi zun,成功
长按,chang an,成功
长鬓虎,chang bin hu,成功
长柄武器,chang bing wu qi,成功
长考一着,chang kao yi zhao,成功
常磐高罗,chang pan gao luo,成功
常燃火种,chang ran huo zhong,成功
常胜传说,chang sheng chuan shuo,成功
长生仙,chang sheng xian,成功
长宵宣秘,chang xiao xuan mi,成功
常夜,chang ye,成功
常夜光树,chang ye guang shu,成功
常夜灵庙,chang ye ling miao,成功
常夜荧枝,chang ye ying zhi,成功
长野原龙势流星群,chang ye yuan long shi liu xing qun,成功
长野原烟花店,chang ye yuan yan hua dian,成功
常驻祈愿,chang zhu qi yuan,成功
超导,chao dao,成功
超导反应,chao dao fan ying,成功
超定归约律,chao ding gui yue lv,成功
嘲讽,chao feng,成功
超激化,chao ji hua,成功
潮卷冰削,chao juan bing xue,成功
超频攻击,chao pin gong ji,成功
超频过载,chao pin guo zai,成功
潮湿状态,chao shi zhuang tai,成功
超越之盏,chao yue zhi zhan,成功
超载,chao zai,成功
超载反应,chao zai fan ying,成功
超绽放,chao zhan fang,成功
掣电树,che dian shu,成功
彻证,che zheng,成功
沉波蜜桃,chen bo mi tao,成功
沉波之盏,chen bo zhi zhan,成功
尘歌壶,chen ge hu,成功
尘辉兑换,chen hui dui huan,成功
沉金的岁月,chen jin de sui yue,成功
沉沦之心,chen lun zhi xin,成功
沉眠之庭,chen mian zhi ting,成功
沉没的预言,chen mo de yu yan,成功
沉墨书社,chen mo shu she,成功
沉入沙海的史诗,chen ru sha hai de shi shi,成功
辰砂套,chen sha tao,成功
辰砂往生录,chen sha wang sheng lu,成功
辰砂之纺锤,chen sha zhi fang chui,成功
尘世七执政,chen shi qi zhi zheng,成功
尘世巡游,chen shi xun you,成功
尘世之锁,chen shi zhi suo,成功
晨曦的传统,chen xi de chuan tong,成功
晨曦果园,chen xi guo yuan,成功
晨曦酒庄,chen xi jiu zhuang,成功
尘之魔神,chen zhi mo shen,成功
沉重号角,chen zhong hao jiao,成功
澄澄一心传,cheng cheng yi xin chuan,成功
澄寂宫园的黛痕,cheng ji gong yuan de dai hen,成功
成劫,cheng jie,成功
称名少年事件簿,cheng ming shao nian shi jian bu,成功
柽木,cheng mu,成功
乘胜追击,cheng sheng zhui ji,成功
赤楯座,chi dun zuo,成功
螭骨剑,chi gu jian,成功
赤鬼之血,chi gui zhi xue,成功
斥候,chi hou,成功
吃虎岩,chi hu yan,成功
吃虎鱼刀,chi hu yu dao,成功
赤喙鸭,chi hui ya,成功
炽火崩破,chi huo beng po,成功
炽火大铠,chi huo da kai,成功
赤角,chi jiao,成功
赤角石溃杵,chi jiao shi kui chu,成功
敕诫枢谋,chi jie shu mou,成功
赤金的城墟,chi jin de cheng xu,成功
赤鹫,chi jiu,成功
赤鹫翎羽,chi jiu ling yu,成功
炽烈的炎之魔女,chi lie de yan zhi mo nv,成功
炽烈的养分,chi lie de yang fen,成功
赤糜饵,chi mi er,成功
赤冕祝祷,chi mian zhu dao,成功
赤魔王,chi mo wang,成功
赤念果,chi nian guo,成功
赤牛发破,chi niu fa po,成功
赤鳍陆鳗鳗,chi qi lu man man,成功
炽热骗骗花,chi re pian pian hua,成功
赤沙的归嗣,chi sha de gui si,成功
赤沙石板,chi sha shi ban,成功
炽沙叙事人,chi sha xu shi ren,成功
赤沙之槛,chi sha zhi kan,成功
赤沙之杖,chi sha zhi zhang,成功
炽烧的志心,chi shao de zhi xin,成功
赤团开时,chi tuan kai shi,成功
赤团开时斜飞去,chi tuan kai shi xie fei qu,成功
赤团雀,chi tuan que,成功
赤王,chi wang,成功
赤王后裔,chi wang hou yi,成功
赤王陵,chi wang ling,成功
赤王神殿,chi wang shen dian,成功
赤王之柱,chi wang zhi zhu,成功
赤尾蜥,chi wei xi,成功
嗤笑之面,chi xiao zhi mian,成功
赤胁鸽,chi xie ge,成功
持续牵引,chi xu qian yin,成功
持续时间,chi xu shi jian,成功
炽焰箭,chi yan jian,成功
炽阳凝冰,chi yang ning bing,成功
赤玉琉金,chi yu liu jin,成功
迟滞之水,chi zhi zhi shui,成功
池中宅邸,chi zhong zhai di,成功
冲刺节拍,chong ci jie pai,成功
冲锋,chong feng,成功
冲锋丘丘人,chong feng qiu qiu ren,成功
重华叠霜,chong hua die shuang,成功
重华叠霜领域,chong hua die shuang ling yu,成功
憧憬,chong jing,成功
充能沙,chong neng sha,成功
重塑仪,chong su yi,成功
愁疏座,chou shu zuo,成功
稠汁蔬菜炖肉,chou zhi shu cai dun rou,成功
初成的桦树,chu cheng de hua shu,成功
楚此渚田,chu ci zhu tian,成功
初岚般,chu lan ban,成功
触媒置换术,chu mei zhi huan shu,成功
初生白枝,chu sheng bai zhi,成功
串串三味,chuan chuan san wei,成功
穿刺高天的利齿,chuan ci gao tian de li chi,成功
船歌,chuan ge,成功
穿涧石,chuan jian shi,成功
传说任务,chuan shuo ren wu,成功
传送锚点,chuan song mao dian,成功
穿越烟帷与暗林,chuan yue yan wei yu an lin,成功
创生法,chuang sheng fa,成功
创世结晶,chuang shi jie jing,成功
创造物,chuang zao wu,成功
炊金,chui jin,成功
炊金馔玉,chui jin zhuan yu,成功
吹沙角鲀,chui sha jiao tun,成功
垂裳端凝之夜,chui shang duan ning zhi ye,成功
垂香木,chui xiang mu,成功
垂香木厨房货架,chui xiang mu chu fang huo jia,成功
垂玉之叶,chui yu zhi ye,成功
纯光绽放,chun guang zhan fang,成功
纯水精灵,chun shui jing ling,成功
春惜一斤染,chun xi yi jin ran,成功
春香窑,chun xiang yao,成功
纯阳之体,chun yang zhi ti,成功
慈惠仁心,ci hui ren xin,成功
刺葵木,ci kui mu,成功
刺身拼盘,ci shen pin pan,成功
呲牙裂扇箭,ci ya lie shan jian,成功
丛林精油,cong lin jing you,成功
丛林树蛙,cong lin shu wa,成功
丛生蝶绿,cong sheng die lv,成功
丛生栌青,cong sheng lu qing,成功
丛生彤丹,cong sheng tong dan,成功
摧冰而行的执望,cui bing er xing de zhi wang,成功
璀璨原钻,cui can yuan zuan,成功
璀璨原钻断片,cui can yuan zuan duan pian,成功
璀璨原钻块,cui can yuan zuan kuai,成功
璀璨原钻碎屑,cui can yuan zuan sui xie,成功
脆脆鸡腿堡,cui cui ji tui bao,成功
翠黛峰,cui dai feng,成功
翠冠鸭,cui guan ya,成功
萃华木,cui hua mu,成功
翠玦坡,cui jue po,成功
翠珏岩,cui jue yan,成功
翠珏岩大侠,cui jue yan da xia,成功
淬炼剑法,cui lian jian fa,成功
翠翎恐蕈,cui ling kong xun,成功
翠绿的猎人之冠,cui lv de lie ren zhi guan,成功
翠绿猎人的笃定,cui lv lie ren de du ding,成功
翠绿猎人的容器,cui lv lie ren de rong qi,成功
翠绿之影,cui lv zhi ying,成功
翠蔓的智者,cui man de zhi zhe,成功
翠目猫,cui mu mao,成功
脆弱的骨片,cui ruo de gu pian,成功
脆弱树脂,cui ruo shu zhi,成功
摧碎,cui sui,成功
存身于尘沙之境,cun shen yu chen sha zhi jing,成功
村镇院落,cun zhen yuan luo,成功
村中匿影,cun zhong ni ying,成功
嵯峨群峰之翼,cuo e qun feng zhi yi,成功
大巴扎,da ba zha,成功
大保底,da bao di,成功
大辨圆成之实,da bian yuan cheng zhi shi,成功
大病初愈,da bing chu yu,成功
大赤沙海,da chi sha hai,成功
大慈树王,da ci shu wang,成功
达达利亚,da da li ya,成功
达达乌帕谷,da da wu pa gu,成功
大地之潮,da di zhi chao,成功
大洞弥罗尊法,da dong mi luo zun fa,成功
大风纪官,da feng ji guan,成功
大黄金盗宝鼬,da huang jin dao bao you,成功
大黄金吮指鸡,da huang jin shun zhi ji,成功
大将旗指物,da jiang qi zhi wu,成功
大将威仪,da jiang wei yi,成功
大姐头,da jie tou,成功
大空幻法,da kong huan fa,成功
达马山,da ma shan,成功
大密法,da mi fa,成功
大日御舆,da ri yu yu,成功
大杀生禁咒,da sha sheng jin zhou,成功
打手丘丘人,da shou qiu qiu ren,成功
大碗茶,da wan cha,成功
大伟丘,da wei qiu,成功
大小通吃,da xiao tong chi,成功
大型冰史莱姆,da xing bing shi lai mu,成功
大型草史莱姆,da xing cao shi lai mu,成功
大型风灵,da xing feng ling,成功
大型风史莱姆,da xing feng shi lai mu,成功
大型火史莱姆,da xing huo shi lai mu,成功
大型雷史莱姆,da xing lei shi lai mu,成功
大型水史莱姆,da xing shui shi lai mu,成功
大型岩史莱姆,da xing yan shi lai mu,成功
大雪猪王,da xue zhu wang,成功
大英雄的经验,da ying xiong de jing yan,成功
大御所,da yu suo,成功
大月卡,da yue ka,成功
代宫司之印,dai gong si zhi yin,成功
代理团长,dai li tuan zhang,成功
戴丧面具,dai sang mian ju,成功
代神使,dai shen shi,成功
代行裁判,dai xing cai pan,成功
戴因斯雷布,dai yin si lei bu,成功
蛋包饭,dan bao fan,成功
蛋包饭圆舞曲,dan bao fan yuan wu qu,成功
丹迪,dan di,成功
弹弓,dan gong,成功
丹火印,dan huo yin,成功
丹砂崖,dan sha ya,成功
诞生式,dan sheng shi,成功
单手剑,dan shou jian,成功
丹书金铁券,dan shu jin tie quan,成功
丹书立约,dan shu li yue,成功
盗宝团,dao bao tuan,成功
刀镡,dao chan,成功
道成林,dao cheng lin,成功
刀风,dao feng,成功
导光四面体,dao guang si mian ti,成功
蹈厉奋发,dao li fen fa,成功
稻米,dao mi,成功
导能绘卷,dao neng hui juan,成功
稻妻,dao qi,成功
稻妻城,dao qi cheng,成功
刀舞者,dao wu zhe,成功
祷月,dao yue,成功
祷月状态,dao yue zhuang tai,成功
德沃沙克,de wo sha ke,成功
登场乐,deng chang le,成功
灯后勤绩,deng hou qin ji,成功
登泷般,deng long ban,成功
登楼,deng lou,成功
灯中幽精,deng zhong you jing,成功
迪奥娜,di ao na,成功
涤尘铃,di chen ling,成功
迪芙妲鳐,di fu da yao,成功
迪弗旧窟,di fu jiu ku,成功
荻花洲,di hua zhou,成功
笛剑,di jian,成功
涤净青金,di jing qing jin,成功
涤净青金断片,di jing qing jin duan pian,成功
涤净青金块,di jing qing jin kuai,成功
涤净青金碎屑,di jing qing jin sui xie,成功
帝君,di jun,成功
涤空水轮,di kong shui lun,成功
抵力松茶,di li song cha,成功
地灵龛,di ling kan,成功
地灵龛之钥,di ling kan zhi yao,成功
迪卢克,di lu ke,成功
蒂玛乌斯,di ma wu si,成功
地脉的旧枝,di mai de jiu zhi,成功
地脉的枯叶,di mai de ku ye,成功
地脉的新芽,di mai de xin ya,成功
地脉异常,di mai yi chang,成功
地面矿区,di mian kuang qu,成功
涤魔喷吐,di mo pen tu,成功
帝台石,di tai shi,成功
抵天雷罚,di tian lei fa,成功
地头蛇,di tou she,成功
地下矿区,di xia kuang qu,成功
地下水泽,di xia shui ze,成功
地心,di xin,成功
地形障碍,di xing zhang ai,成功
地巡,di xun,成功
地狱里摇摆,di yu li yao bai,成功
低语森林,di yu sen lin,成功
地中之岩,di zhong zhi yan,成功
地中之盐,di zhong zhi yan,成功
点按,dian an,成功
垫步移动,dian bu yi dong,成功
电荷爆破,dian he bao po,成功
垫脚,dian jiao,成功
颠扑连环枪,dian pu lian huan qiang,成功
电气骗骗花,dian qi pian pian hua,成功
电气鞘翅,dian qi qiao chi,成功
电气水晶,dian qi shui jing,成功
店员们的午间工作餐,dian yuan men de wu jian gong zuo can,成功
点赞哥,dian zan ge,成功
钓鱼协会,diao yu xie hui,成功
蝶引来生,die yin lai sheng,成功
蝶引玉子穿白波,die yin yu zi chuan bai bo,成功
蝶隐之时,die yin zhi shi,成功
叠影的梦兆,die ying de meng zhao,成功
定蒙,ding meng,成功
冻冻回魂夜,dong dong hui hun ye,成功
冻冻猫猫爪,dong dong mao mao zhao,成功
东风的吐息,dong feng de tu xi,成功
东风之翎,dong feng zhi ling,成功
东风之爪,dong feng zhi zhao,成功
洞观,dong guan,成功
东花坊时雨,dong hua fang shi yu,成功
董鹮,dong huan,成功
冬极白星,dong ji bai xing,成功
动如雷,dong ru lei,成功
洞天百宝,dong tian bai bao,成功
洞天摩数,dong tian mo shu,成功
洞天珍物,dong tian zhen wu,成功
洞天种物,dong tian zhong wu,成功
斗倒御岳,dou dao yu yue,成功
斗棘鱼,dou ji yu,成功
都交给分身吧,dou jiao gei fen shen ba,成功
逗留采血色,dou liu cai xie se,成功
督查长祭刀,du cha chang ji dao,成功
嘟嘟大冒险,du du da mao xian,成功
嘟嘟大魔王,du du da mo wang,成功
嘟嘟可,du du ke,成功
嘟嘟可故事集,du du ke gu shi ji,成功
嘟嘟莲,du du lian,成功
嘟嘟莲海鲜羹,du du lian hai xian geng,成功
渡厄厅,du e ting,成功
度厄真符,du e zhen fu,成功
渡厄真君,du e zhen jun,成功
渡过烈火的贤人,du guo lie huo de xian ren,成功
渡荒之雷,du huang zhi lei,成功
渡魂之舟,du hun zhi zhou,成功
渡火,du huo,成功
渡火套,du huo tao,成功
渡火者的煎熬,du huo zhe de jian ao,成功
渡火者的解脱,du huo zhe de jie tuo,成功
渡火者的决绝,du huo zhe de jue jue,成功
渡火者的醒悟,du huo zhe de xing wu,成功
渡火者的智慧,du huo zhe de zhi hui,成功
镀金旅团,du jin lv tuan,成功
杜拉夫,du la fu,成功
渡来禽肉,du lai qin rou,成功
赌徒,du tu,成功
赌徒的耳环,du tu de er huan,成功
赌徒的怀表,du tu de huai biao,成功
赌徒的骰蛊,du tu de tou gu,成功
赌徒的胸花,du tu de xiong hua,成功
赌徒的羽饰,du tu de yu shi,成功
赌徒套,du tu tao,成功
毒蝎,du xie,成功
毒蝎尾部,du xie wei bu,成功
笃行的,du xing de,成功
笃行的教导,du xing de jiao dao,成功
笃行的哲学,du xing de zhe xue,成功
笃行的指引,du xing de zhi yin,成功
独眼小宝,du yan xiao bao,成功
断除烦恼炮,duan chu fan nao pao,成功
断浪长鳍,duan lang chang qi,成功
断流,duan liu,成功
断流爆,duan liu bao,成功
断流破,duan liu po,成功
断流闪,duan liu shan,成功
断流效果,duan liu xiao guo,成功
断霜的弦歌,duan shuang de xian ge,成功
断雨,duan yu,成功
断云石,duan yun shi,成功
堆叠真空域,dui die zhen kong yu,成功
堆高高,dui gao gao,成功
队伍后台,dui wu hou tai,成功
墩墩善道,dun dun shan dao,成功
墩墩桃,dun dun tao,成功
遁玉陵,dun yu ling,成功
多多烧,duo duo shao,成功
多多益善,duo duo yi shan,成功
多莉,duo li,成功
踱山葵,duo shan kui,成功
阿赫玛尔,e he ma er,成功
遏浪,e lang,成功
鳄王窟,e wang ku,成功
恶王丸,e wang wan,成功
恶曜卜词,e yao bu ci,成功
恶曜开眼,e yao kai yan,成功
厄运的修辞,e yun de xiu ci,成功
恩眷万民的狮牙,en juan wan min de shi ya,成功
二段蓄力,er duan xu li,成功
貳阶,er jie,成功
二净甸,er jing dian,成功
发光髓,fa guang sui,成功
伐护末那学院,fa hu mo na xue yuan,成功
珐露珊,fa lu shan,成功
伐难,fa nan,成功
法器,fa qi,成功
法兽灼眼,fa shou zhuo yan,成功
法兽座,fa shou zuo,成功
返场的高呼,fan chang de gao hu,成功
范二爷,fan er ye,成功
反抗军,fan kang jun,成功
反论稽古,fan lun ji gu,成功
范木堂,fan mu tang,成功
繁闹畅旺的市集,fan nao chang wang de shi ji,成功
烦恼解决炮,fan nao jie jue pao,成功
烦恼刈座,fan nao yi zuo,成功
反曲弓,fan qu gong,成功
繁荣的,fan rong de,成功
繁荣的教导,fan rong de jiao dao,成功
繁荣的哲学,fan rong de zhe xue,成功
繁荣的指引,fan rong de zhi yin,成功
饭团,fan tuan,成功
范围伤害,fan wei shang hai,成功
范围斩击,fan wei zhan ji,成功
繁想奇境,fan xiang qi jing,成功
反应工具人,fan ying gong ju ren,成功
防潮药剂,fang chao yao ji,成功
防尘药剂,fang chen yao ji,成功
防风药剂,fang feng yao ji,成功
放火烧山真君,fang huo shao shan zhen jun,成功
放牛的,fang niu de,成功
放热瓶,fang re ping,成功
防沙壁,fang sha bi,成功
方士,fang shi,成功
防御杯,fang yu bei,成功
防御头,fang yu tou,成功
菲尔戈黛特,fei er ge dai te,成功
绯红玉髓,fei hong yu sui,成功
绯花之壶,fei hua zhi hu,成功
肺棘鱼,fei ji yu,成功
飞雷御执,fei lei yu zhi,成功
飞雷之巴印,fei lei zhi ba yin,成功
飞雷之弦振,fei lei zhi xian zhen,成功
菲莉吉丝,fei li ji si,成功
绯木村,fei mu cun,成功
非酋,fei qiu,成功
飞泉锦簇,fei quan jin cu,成功
飞雀扰剑意,fei que rao jian yi,成功
飞蛇,fei she,成功
飞蛇之角,fei she zhi jiao,成功
飞身趟马,fei shen tang ma,成功
飞矢传书,fei shi chuan shu,成功
非时之梦,fei shi zhi meng,成功
飞天大御剑,fei tian da yu jian,成功
飞天小宝,fei tian xiao bao,成功
飞天御剑,fei tian yu jian,成功
非想风天,fei xiang feng tian,成功
飞星,fei xing,成功
飞行矮堇瓜,fei xing ai jin gua,成功
飞行冠军,fei xing guan jun,成功
飞叶迴斜,fei ye hui xie,成功
飞叶轮,fei ye lun,成功
绯樱饼,fei ying bing,成功
飞蝇假饵,fei ying jia er,成功
绯樱天妇罗,fei ying tian fu luo,成功
绯樱鲜虾贝,fei ying xian xia bei,成功
绯樱绣球,fei ying xiu qiu,成功
绯樱引雷章,fei ying yin lei zhang,成功
翡玉法球,fei yu fa qiu,成功
翡玉斧枪鱼,fei yu fu qiang yu,成功
翡玉什锦袋,fei yu shi jin dai,成功
绯云坡,fei yun po,成功
飞云旗阵,fei yun qi zhen,成功
飞云商会,fei yun shang hui,成功
绯云文斋,fei yun wen zhai,成功
芬德尼尔之顶,fen de ni er zhi ding,成功
忿怒显相,fen nu xian xiang,成功
粉碎者,fen sui zhe,成功
粉碎之冰,fen sui zhi bing,成功
纷争涡源,fen zheng wo yuan,成功
风本,feng ben,成功
封闭之心,feng bi zhi xin,成功
风缠,feng chan,成功
风场,feng chang,成功
风车菊,feng che ju,成功
枫丹,feng dan,成功
风风轮,feng feng lun,成功
风风轮舞踢,feng feng lun wu ti,成功
枫红座,feng hong zuo,成功
风花节纪念气球,feng hua jie ji nian qi qiu,成功
风花之颂,feng hua zhi song,成功
风花之愿,feng hua zhi yuan,成功
风纪官,feng ji guan,成功
风晶蝶,feng jing die,成功
风灵作成,feng ling zuo cheng,成功
风龙废墟,feng long fei xu,成功
风轮两立,feng lun liang li,成功
封魔绘卷,feng mo hui juan,成功
风魔龙,feng mo long,成功
枫木,feng mu,成功
丰年有余,feng nian you yu,成功
风飘浮灵,feng piao fu ling,成功
风起地,feng qi di,成功
风起鹤归,feng qi he gui,成功
风丘丘萨满,feng qiu qiu sa man,成功
风拳,feng quan,成功
风拳前锋军,feng quan qian feng jun,成功
丰穰之核,feng rang zhi he,成功
丰饶绿洲,feng rao lv zhou,成功
风伤,feng shang,成功
风伤杯,feng shang bei,成功
风神,feng shen,成功
风神瞳,feng shen tong,成功
风神瞳共鸣石,feng shen tong gong ming shi,成功
风神杂烩菜,feng shen za hui cai,成功
风神之诗,feng shen zhi shi,成功
风蚀弹,feng shi dan,成功
风蚀弹幕,feng shi dan mu,成功
风史莱姆,feng shi lai mu,成功
风蚀沙虫,feng shi sha chong,成功
风物之诗琴,feng wu zhi shi qin,成功
风物之诗咏,feng wu zhi shi yong,成功
枫香茶雾一室中,feng xiang cha wu yi shi zhong,成功
风啸山坡,feng xiao shan po,成功
风信之锋,feng xin zhi feng,成功
奉行牢狱,feng xing lao yu,成功
奉行社,feng xing she,成功
枫袖奇谭,feng xiu qi tan,成功
风穴,feng xue,成功
风蕈兽,feng xun shou,成功
风雅的,feng ya de,成功
风雅的教导,feng ya de jiao dao,成功
风雅的哲学,feng ya de zhe xue,成功
风雅的指引,feng ya de zhi yin,成功
风压剑,feng ya jian,成功
风压坍陷,feng ya tan xian,成功
风隐急进,feng yin ji jin,成功
风鹰剑,feng ying jian,成功
逢迎之心,feng ying zhi xin,成功
风佑之羽球,feng you zhi yu qiu,成功
风与牧歌之城,feng yu mu ge zhi cheng,成功
风与异乡人,feng yu yi xiang ren,成功
风元素,feng yuan su,成功
风元素伤害,feng yuan su shang hai,成功
枫原万叶,feng yuan wan ye,成功
逢岳之野,feng yue zhi ye,成功
风之魔鸢厄灵,feng zhi mo yuan e ling,成功
风之翼,feng zhi yi,成功
风之印,feng zhi yin,成功
风主,feng zhu,成功
风姿华歌,feng zi hua ge,成功
佛玛洛鳐,fo ma luo yao,成功
伏鳌谷,fu ao gu,成功
箙岛廓白浪,fu dao kuo bai lang,成功
拂花偈叶,fu hua ji ye,成功
附加伤害,fu jia shang hai,成功
浮空平台,fu kong ping tai,成功
浮空石,fu kong shi,成功
俯览昼冥,fu lan zhou ming,成功
浮浪人,fu lang ren,成功
浮莲舞步,fu lian wu bu,成功
缚灵通真法印,fu ling tong zhen fa yin,成功
伏龙树,fu long shu,成功
芙萝拉,fu luo la,成功
附魔,fu mo,成功
附魔覆盖,fu mo fu gai,成功
福内乌冬,fu nei wu dong,成功
浮峭,fu qiao,成功
伏青石,fu qing shi,成功
浮舍,fu she,成功
浮生石,fu sheng shi,成功
浮世的,fu shi de,成功
浮世的教导,fu shi de jiao dao,成功
浮世的哲学,fu shi de zhe xue,成功
浮世的指引,fu shi de zhi yin,成功
浮溯之珏,fu su zhi jue,成功
符文之齿,fu wen zhi chi,成功
覆雪之路,fu xue zhi lu,成功
浮游,fu you,成功
浮游草蕈兽,fu you cao xun shou,成功
浮游风蕈兽,fu you feng xun shou,成功
浮游干核,fu you gan he,成功
浮游晶化核,fu you jing hua he,成功
浮游水蕈兽,fu you shui xun shou,成功
浮游四方的灵云,fu you si fang de ling yun,成功
浮游幽核,fu you you he,成功
浮游状态,fu you zhuang tai,成功
负愿前行,fu yuan qian xing,成功
拂云出手,fu yun chu shou,成功
浮云霜天,fu yun shuang tian,成功
附赠的下酒菜,fu zeng de xia jiu cai,成功
伏枝的蝶黄,fu zhi de die huang,成功
腐殖之剑,fu zhi zhi jian,成功
附着,fu zhuo,成功
感别之冠,gan bie zhi guan,成功
干炒鱼河,gan chao yu he,成功
感电,gan dian,成功
干锅腊肉,gan guo la rou,成功
甘金岛,gan jin dao,成功
干裂枝碎,gan lie zhi sui,成功
甘露饵,gan lu er,成功
绀田村,gan tian cun,成功
绀田事话,gan tian shi hua,成功
绀田煮,gan tian zhu,成功
甘雨,gan yu,成功
刚烈自见,gang lie zi xian,成功
钢轮弓,gang lun gong,成功
钢铁炽焰,gang tie chi yan,成功
高大的桦树,gao da de hua shu,成功
高贵者的义务,gao gui zhe de yi wu,成功
告解之仪,gao jie zhi yi,成功
高命座,gao ming zuo,成功
高塔孤王,gao ta gu wang,成功
高塔孤王的残垣,gao ta gu wang de can yuan,成功
高塔孤王的断片,gao ta gu wang de duan pian,成功
高塔孤王的破瓦,gao ta gu wang de po wa,成功
高塔孤王的碎梦,gao ta gu wang de sui meng,成功
高天的协奏,gao tian de xie zou,成功
高天之歌,gao tian zhi ge,成功
歌尘浪市真君,ge chen lang shi zhen jun,成功
阁楼套,ge lou tao,成功
葛罗丽,ge luo li,成功
葛瑞丝,ge rui si,成功
割舍,ge she,成功
歌头节拍,ge tou jie pai,成功
歌仙座,ge xian zuo,成功
根付之源,gen fu zhi yuan,成功
亘古不变,gen gu bu bian,成功
根系深埋之处,gen xi shen mai zhi chu,成功
耕地机,geng di ji,成功
更加合适的人选,geng jia he shi de ren xuan,成功
弓藏,gong cang,成功
公鸡,gong ji,成功
攻击杯,gong ji bei,成功
攻击范围,gong ji fan wei,成功
攻击沙,gong ji sha,成功
攻击伤害,gong ji shang hai,成功
攻击头,gong ji tou,成功
弓箭,gong jian,成功
共鸣,gong ming,成功
共鸣石,gong ming shi,成功
弓胚,gong pei,成功
宫廷卫队队长,gong ting wei dui dui zhang,成功
共相,gong xiang,成功
公子,gong zi,成功
钩钩果,gou gou guo,成功
构装体,gou zhuang ti,成功
孤辰茕怀,gu chen qiong huai,成功
孤独而谨慎的冒险家,gu du er jin shen de mao xian jia,成功
孤硊,gu gui,成功
古华派,gu hua pai,成功
古华派侠义之客,gu hua pai xia yi zhi ke,成功
骨片,gu pian,成功
故人之心,gu ren zhi xin,成功
固若金汤,gu ruo jin tang,成功
故事构思法,gu shi gou si fa,成功
故乡的温柔,gu xiang de wen rou,成功
古岩龙蜥,gu yan long xi,成功
孤影,gu ying,成功
固有天赋,gu you tian fu,成功
孤云阁,gu yun ge,成功
孤云寒林,gu yun han lin,成功
孤云寒林的光砂,gu yun han lin de guang sha,成功
孤云寒林的辉岩,gu yun han lin de hui yan,成功
孤云寒林的神体,gu yun han lin de shen ti,成功
孤云寒林的圣骸,gu yun han lin de sheng hai,成功
孤云凌霄之处,gu yun ling xiao zhi chu,成功
古云有螭,gu yun you chi,成功
怪谭,guai tan,成功
贯虹,guan hong,成功
贯虹之槊,guan hong zhi shuo,成功
关键六人会议室,guan jian liu ren hui yi shi,成功
关联条款,guan lian tiao kuan,成功
贯月的耀锋,guan yue de yao feng,成功
贯月矢,guan yue shi,成功
罐装知识,guan zhuang zhi shi,成功
光潮的幻象,guang chao de huan xiang,成功
光降之剑,guang jiang zhi jian,成功
光幕攻击,guang mu gong ji,成功
光焰蹈跃,guang yan dao yue,成功
贵本之道,gui ben zhi dao,成功
鬼兜虫,gui dou chong,成功
归风的苍色,gui feng de cang se,成功
诡风之祸,gui feng zhi huo,成功
归还之路,gui huan zhi lu,成功
归寂之庭,gui ji zhi ting,成功
诡雷,gui lei,成功
归离城墟,gui li cheng xu,成功
归离原,gui li yuan,成功
归芒携信,gui mang xie xin,成功
桂木斩长正,gui mu zhan chang zheng,成功
鬼王金碎棒,gui wang jin sui bang,成功
归乡之羽,gui xiang zhi yu,成功
圭璋暝仍不移其晖,gui zhang ming reng bu yi qi hui,成功
归终机,gui zhong ji,成功
桂子仙机,gui zi xian ji,成功
贵族的自省,gui zu de zi xing,成功
锅巴发射器,guo ba fa she qi,成功
郭狐座,guo hu zuo,成功
果酒湖,guo jiu hu,成功
果酿饵,guo niang er,成功
国土碾尘,guo tu nian chen,成功
果香串烤,guo xiang chuan kao,成功
哈尔塔甫,ha er ta fu,成功
哈夫丹,ha fu dan,成功
哈艮图斯,ha gen tu si,成功
哈瓦玛玛兹,ha wa ma ma zi,成功
海草,hai cao,成功
海灯节,hai deng jie,成功
海风之梦,hai feng zhi meng,成功
海蓝蟹,hai lan xie,成功
骇浪派,hai lang pai,成功
海灵芝,hai ling zhi,成功
海乱鬼,hai luan gui,成功
海乱鬼雷腾,hai luan gui lei teng,成功
海乱鬼炎威,hai luan gui yan wei,成功
海螺屋,hai luo wu,成功
海沫的少女,hai mo de shao nv,成功
海祇,hai qi,成功
海祇岛,hai qi dao,成功
海祇姬君,hai qi ji jun,成功
海祇之冠,hai qi zhi guan,成功
海染砗磲,hai ran che qu,成功
海染泡沫,hai ran pao mo,成功
海染套,hai ran tao,成功
海染之花,hai ran zhi hua,成功
海人化羽,hai ren hua yu,成功
海上男儿,hai shang nan er,成功
海洋的胜利,hai yang de sheng li,成功
还要续杯,hai yao xu bei,成功
海月之誓,hai yue zhi shi,成功
海渚月舟,hai zhu yue zhou,成功
寒病鬼差,han bing gui chai,成功
寒锋铁器,han feng tie qi,成功
瀚海孤云,han hai gu yun,成功
寒苦回向,han ku hui xiang,成功
酣乐之殿,han le zhi dian,成功
寒气,han qi,成功
寒天宣命祝词,han tian xuan ming zhu ci,成功
寒天之钉,han tian zhi ding,成功
号角,hao jiao,成功
号角与薪柴,hao jiao yu xin chai,成功
诃般荼,he ban tu,成功
河谷的黯道,he gu de an dao,成功
鹤观,he guan,成功
和记厅,he ji ting,成功
和璞鸢,he pu yuan,成功
和弦,he xian,成功
赫蕈窟,he xun ku,成功
赫耀多方面体,he yao duo fang mian ti,成功
何以击石,he yi ji shi,成功
和裕茶馆,he yu cha guan,成功
黑背猎犬,hei bei lie quan,成功
黑背鲈鱼,hei bei lu yu,成功
黑剑,hei jian,成功
黑晶号角,hei jing hao jiao,成功
黑猫,hei mao,成功
黑蛇骑士,hei she qi shi,成功
黑檀弓,hei tan gong,成功
黑铁剑,hei tie jian,成功
黑铜号角,hei tong hao jiao,成功
黑王鸽,hei wang ge,成功
黑岩长剑,hei yan chang jian,成功
黑岩刺枪,hei yan ci qiang,成功
黑岩绯玉,hei yan fei yu,成功
黑岩斩刀,hei yan zhan dao,成功
黑岩战弓,hei yan zhan gong,成功
黑缨枪,hei ying qiang,成功
很会聊天真君,hen hui liao tian zhen jun,成功
恒常机关,heng chang ji guan,成功
恒常机关阵列,heng chang ji guan zhen lie,成功
恒常机关之心,heng chang ji guan zhi xin,成功
恒常燃烧的巨藤,heng chang ran shao de ju teng,成功
恒风随行,heng feng sui xing,成功
恒光元件,heng guang yuan jian,成功
横脊,heng ji,成功
衡准大厅,heng zhun da ting,成功
红绸,hong chou,成功
轰轰火花,hong hong huo hua,成功
红狐,hong hu,成功
红烩兽肉,hong hui shou rou,成功
轰击之星,hong ji zhi xing,成功
红角蜥,hong jue xi,成功
闳览博物,hong lan bo wu,成功
红莲开绽,hong lian kai zhan,成功
红炉一点雪,hong lu yi dian xue,成功
虹色巡回,hong se xun hui,成功
红檀四弦座,hong tan si xian zuo,成功
红尾鼬,hong wei you,成功
红弦,hong xian,成功
红叶如灼,hong ye ru zhuo,成功
红羽团扇,hong yu tuan shan,成功
红鸢问寝觉,hong yuan wen qin jue,成功
虹章座,hong zhang zuo,成功
厚云朵松饼,hou yun duo song bing,成功
蝴蝶翅膀,hu die chi bang,成功
护盾,hu dun,成功
护盾强效,hu dun qiang xiao,成功
护法夜叉,hu fa ye cha,成功
护法夜叉大将,hu fa ye cha da jiang,成功
护国的无垢之心,hu guo de wu gou zhi xin,成功
呼呼大睡时间,hu hu da shui shi jian,成功
琥牢山,hu lao shan,成功
狐灵食罪式,hu ling shi zui shi,成功
护摩,hu mo,成功
护摩之杖,hu mo zhi zhang,成功
护世森,hu shi sen,成功
胡桃,hu tao,成功
虎纹猫,hu wen mao,成功
狐野一刀流,hu ye yi dao liu,成功
狐斋宫,hu zhai gong,成功
花白锦画纸吹雪,hua bai jin hua zhi chui xue,成功
化城郭,hua cheng guo,成功
华池岩岫,hua chi yan xiu,成功
华馆梦醒形骸记,hua guan meng xing xing hai ji,成功
华馆套,hua guan tao,成功
华馆之羽,hua guan zhi yu,成功
华光林,hua guang lin,成功
化海月,hua hai yue,成功
花火职人心得,hua huo zhi ren xin de,成功
滑稽百出的醉相,hua ji bai chu de zui xiang,成功
花见坂,hua jian ban,成功
花鳉,hua jiang,成功
花角玉将,hua jiao yu jiang,成功
花筥箭,hua ju jian,成功
画牢锁伥,hua lao suo chang,成功
花玲,hua ling,成功
花蜜,hua mi,成功
桦木,hua mu,成功
花鸟公园,hua niao gong yuan,成功
华清归藏密宫,hua qing gui zang mi gong,成功
椛染之庭,hua ran zhi ting,成功
化神,hua shen,成功
花时来信,hua shi lai xin,成功
华饰之兜,hua shi zhi dou,成功
花咲初退红,hua xiao chu tui hong,成功
花旋,hua xuan,成功
花月歌浮舟,hua yue ge fu zhou,成功
花云钟入月,hua yun zhong ru yue,成功
化种匣,hua zhong xia,成功
坏劫,huai jie,成功
唤雷的头冠,huan lei de tou guan,成功
桓那兰那,huan na lan na,成功
还圣奥迹,huan sheng ao ji,成功
欢迎来到冒险家协会,huan ying lai dao mao xian jia xie hui,成功
黄琮破而不夺其坚,huang cong po er bu duo qi jian,成功
荒海,huang hai,成功
煌煌千道镇武,huang huang qian dao zhen wu,成功
黄金邦国的结末,huang jin bang guo de jie mo,成功
黄金的,huang jin de,成功
黄金的教导,huang jin de jiao dao,成功
黄金的哲学,huang jin de zhe xue,成功
黄金的指引,huang jin de zhi yin,成功
黄金鲈鱼,huang jin lu yu,成功
黄金王兽,huang jin wang shou,成功
黄金屋,huang jin wu,成功
黄金蟹,huang jin xie,成功
荒泷第一,huang long di yi,成功
荒泷逆袈裟,huang long ni jia sha,成功
荒泷派,huang long pai,成功
荒泷盛世豪鼓,huang long sheng shi hao gu,成功
荒泷一斗,huang long yi dou,成功
皇女,huang nv,成功
荒野猎手,huang ye lie shou,成功
黄油鸡,huang you ji,成功
黄油煎鱼,huang you jian yu,成功
黄油松茸,huang you song rong,成功
黄油蟹蟹,huang you xie xie,成功
晃盅者,huang zhong zhe,成功
晃盅者琼畟药骰,huang zhong zhe qiong ce yao tou,成功
晦暗刻像,hui an ke xiang,成功
辉光棱晶,hui guang leng jing,成功
毁坏三界,hui huai san jie,成功
徽记,hui ji,成功
灰烬之心,hui jin zhi xin,成功
绘卷,hui juan,成功
会客室的温暖防线,hui ke shi de wen nuan fang xian,成功
虺雷之姿,hui lei zhi zi,成功
灰鸰衒潮,hui ling xuan chao,成功
慧明缘觉智论,hui ming yuan jue zhi lun,成功
辉木,hui mu,成功
辉木重型制陶架,hui mu zhong xing zhi tao jia,成功
绘绮庭,hui qi ting,成功
绘绮之枕印,hui qi zhi zhen yin,成功
廻色云弦,hui se yun xian,成功
辉山厅,hui shan ting,成功
廻身箭术,hui shen jian shu,成功
诲韬诤言,hui tao zheng yan,成功
回响长天的诗歌,hui xiang chang tian de shi ge,成功
慧心,hui xin,成功
灰血猫,hui xue mao,成功
灰羽鸽,hui yu ge,成功
混沌回路,hun dun hui lu,成功
混沌机关,hun dun ji guan,成功
混沌炉芯,hun dun lu xin,成功
混沌锚栓,hun dun mao shuan,成功
混沌模块,hun dun mo kuai,成功
混沌容器,hun dun rong qi,成功
混沌枢纽,hun dun shu niu,成功
混沌真眼,hun dun zhen yan,成功
混沌装置,hun dun zhuang zhi,成功
昏识塔,hun shi ta,成功
魂香之花,hun xiang zhi hua,成功
混元熵增论,hun yuan shang zeng lun,成功
浑浊棱晶,hun zhuo leng jing,成功
火本,huo ben,成功
火铳,huo chong,成功
火铳游击兵,huo chong you ji bing,成功
活动祈愿,huo dong qi yuan,成功
火斧,huo fu,成功
火付番,huo fu fan,成功
霍夫曼,huo fu man,成功
火斧丘丘暴徒,huo fu qiu qiu bao tu,成功
活化的星蕈,huo hua de xing xun,成功
火花骑士,huo hua qi shi,成功
火花无限,huo hua wu xian,成功
火火肉酱面,huo huo rou jiang mian,成功
祸津御建鸣神命,huo jin yu jian ming shen ming,成功
活力喵饭,huo li miao fan,成功
火力全开,huo li quan kai,成功
活力之家,huo li zhi jia,成功
获麟,huo lin,成功
火飘浮灵,huo piao fu ling,成功
火漆制印,huo qi zhi yin,成功
火枪,huo qiang,成功
火枪手,huo qiang shou,成功
火伤,huo shang,成功
火伤杯,huo shang bei,成功
火神瞳,huo shen tong,成功
火深渊法师,huo shen yuan fa shi,成功
祸神之褉泪,huo shen zhi xie lei,成功
火史莱姆,huo shi lai mu,成功
惑饲滩,huo si tan,成功
火蕈兽,huo xun shou,成功
火元素,huo yuan su,成功
火元素伤害,huo yuan su shang hai,成功
货运中转地,huo yun zhong zhuan di,成功
活债难逃,huo zhai nan tao,成功
火之鸟,huo zhi niao,成功
火之药剂师,huo zhi yao ji shi,成功
祭冰礼冠,ji bing li guan,成功
祭冰之人,ji bing zhi ren,成功
羁缠之花,ji chan zhi hua,成功
祭刀,ji dao,成功
急冻树,ji dong shu,成功
鸡豆花,ji dou hua,成功
极恶法,ji e fa,成功
极恶技,ji e ji,成功
疾风示现,ji feng shi xian,成功
棘冠鳄,ji guan e,成功
机关烹饪神机,ji guan peng ren shen ji,成功
吉光虫,ji guang chong,成功
极寒,ji han,成功
极寒的冰之花,ji han de bing zhi hua,成功
极寒之核,ji han zhi he,成功
祭火礼冠,ji huo li guan,成功
祭火之人,ji huo zhi ren,成功
祭雷礼冠,ji lei li guan,成功
祭雷之人,ji lei zhi ren,成功
吉丽安娜,ji li an na,成功
祭礼残章,ji li can zhang,成功
祭礼大剑,ji li da jian,成功
祭礼弓,ji li gong,成功
祭礼剑,ji li jian,成功
激流,ji liu,成功
激流精油,ji liu jing you,成功
笈名海滨,ji ming hai bin,成功
缉拿风穴,ji na feng xue,成功
技能冷却,ji neng leng que,成功
技能循环,ji neng xun huan,成功
机弩兵,ji nu bing,成功
机巧番,ji qiao fan,成功
疾如风,ji ru feng,成功
祭水礼冠,ji shui li guan,成功
祭水之人,ji shui zhi ren,成功
纪行,ji xing,成功
疾行节奏,ji xing jie zou,成功
纪行武器,ji xing wu qi,成功
寂修石,ji xiu shi,成功
极夜二重奏,ji ye er chong zou,成功
极夜真梦,ji ye zhen meng,成功
积攒愿力,ji zan yuan li,成功
极致一钓,ji zhi yi diao,成功
极昼的先兆者,ji zhou de xian zhao zhe,成功
疾走状态,ji zou zhuang tai,成功
加尔恰的赞歌,jia er qia de zan ge,成功
加福尔,jia fu er,成功
甲级宝珏,jia ji bao jue,成功
家具完备的蒙德卧室,jia ju wan bei de meng de wo shi,成功
假日果酿,jia ri guo niang,成功
甲衣交叠,jia yi jiao die,成功
坚璧效果,jian bi xiao guo,成功
鉴查心得,jian cha xin de,成功
箭簇,jian cu,成功
检地,jian di,成功
坚定之岩,jian ding zhi yan,成功
箭盾座,jian dun zuo,成功
间隔时间,jian ge shi jian,成功
剑骨树,jian gu shu,成功
减抗,jian kang,成功
健康之家,jian kang zhi jia,成功
坚牢,jian lao,成功
坚牢黄玉,jian lao huang yu,成功
坚牢黄玉断片,jian lao huang yu duan pian,成功
坚牢黄玉块,jian lao huang yu kuai,成功
坚牢黄玉碎屑,jian lao huang yu sui xie,成功
菅名山,jian ming shan,成功
缄默的惠赐,jian mo de hui ci,成功
缄默之殿,jian mo zhi dian,成功
简谱的璃月睡房,jian pu de li yue shui fang,成功
箭矢,jian shi,成功
简式风灵作成,jian shi feng ling zuo cheng,成功
间水月,jian shui yue,成功
坚铜罗盘,jian tong luo pan,成功
剑舞步,jian wu bu,成功
江湖百味,jiang hu bai wei,成功
将军蟹,jiang jun xie,成功
降雷的凶兆,jiang lei de xiong zhao,成功
降临之剑,jiang lin zhi jian,成功
将帅兜鍪,jiang shuai dou mou,成功
降众天华,jiang zhong tian hua,成功
降诛魔山,jiang zhu mo shan,成功
教导,jiao dao,成功
角斗士的归宿,jiao dou shi de gui su,成功
角斗士的酣醉,jiao dou shi de han zui,成功
角斗士的凯旋,jiao dou shi de kai xuan,成功
角斗士的留恋,jiao dou shi de liu lian,成功
角斗士的希冀,jiao dou shi de xi ji,成功
角斗士的终幕礼,jiao dou shi de zhong mu li,成功
角斗士套,jiao dou shi tao,成功
教官,jiao guan,成功
教官的茶杯,jiao guan de cha bei,成功
教官的怀表,jiao guan de huai biao,成功
教官的帽子,jiao guan de mao zi,成功
教官的胸花,jiao guan de xiong hua,成功
教官的羽饰,jiao guan de yu shi,成功
教官套,jiao guan tao,成功
教会枪术,jiao hui qiang shu,成功
教令院,jiao ling yuan,成功
教令院小问题,jiao ling yuan xiao wen ti,成功
侥幸之心,jiao xing zhi xin,成功
郊野的灯影,jiao ye de deng ying,成功
交织之护,jiao zhi zhi hu,成功
焦灼的魔女帽,jiao zhuo de mo nv mao,成功
劫波莲,jie bo lian,成功
解翠行,jie cui xing,成功
婕德,jie de,成功
桔梗执别愁云去,jie geng zhi bie chou yun qu,成功
结界,jie jie,成功
结晶,jie jing,成功
洁净的杯盏,jie jing de bei zhan,成功
借景之馆,jie jing zhi guan,成功
揭旗的叛逆之歌,jie qi de pan ni zhi ge,成功
结契之刻,jie qi zhi ke,成功
节庆的市井,jie qing de shi jing,成功
节庆热度,jie qing re du,成功
结实的骨片,jie shi de gu pian,成功
接树移花,jie shu yi hua,成功
皆为神诞,jie wei shen dan,成功
街巷伏击,jie xiang fu ji,成功
街巷游侠,jie xiang you xia,成功
竭泽,jie ze,成功
皆知我名,jie zhi wo ming,成功
节奏的传染,jie zou de chuan ran,成功
金杯的丰馈,jin bei de feng kui,成功
金赤假龙,jin chi jia long,成功
金翅鹏王座,jin chi peng wang zuo,成功
金刚坏,jin gang huai,成功
堇瓜,jin gua,成功
禁忌知识,jin ji zhi shi,成功
锦葵,jin kui,成功
锦葵颤笔菇,jin kui chan bi gu,成功
锦葵筑锋菇,jin kui zhu feng gu,成功
金狼座,jin lang zuo,成功
紧锣密鼓,jin luo mi gu,成功
尽灭闪,jin mie shan,成功
尽灭水光,jin mie shui guang,成功
金鹏大将,jin peng da jiang,成功
金平糖,jin ping tang,成功
金枪鱼寿司,jin qiang yu shou si,成功
金鳅鳅,jin qiu qiu,成功
菫色之庭,jin se zhi ting,成功
金声石,jin sheng shi,成功
禁室密所大图鉴,jin shi mi suo da tu jian,成功
金树窟,jin shu ku,成功
金丝虾球,jin si xia qiu,成功
金铜时晷,jin tong shi gui,成功
金团雀,jin tuan que,成功
近卫,jin wei,成功
瑾武,jin wu,成功
金屋藏娇,jin wu cang jiao,成功
今昔渡来殿,jin xi du lai dian,成功
今昔剧画,jin xi ju hua,成功
今昔剧画之恶尉,jin xi ju hua zhi e wei,成功
今昔剧画之鬼人,jin xi ju hua zhi gui ren,成功
今昔剧画之虎啮,jin xi ju hua zhi hu nie,成功
今昔剧画之一角,jin xi ju hua zhi yi jiao,成功
金芽石,jin ya shi,成功
金叶剑骨树,jin ye jian gu shu,成功
金叶盘伏树,jin ye pan fu shu,成功
金叶珍枝树,jin ye zhen zhi shu,成功
金鱼草,jin yu cao,成功
金玉礼予天地四方,jin yu li yu tian di si fang,成功
近战状态,jin zhan zhuang tai,成功
金璋皇极,jin zhang huang ji,成功
禁咒绘卷,jin zhou hui juan,成功
金紫定垂座,jin zi ding chui zuo,成功
晶蝶的栖枝,jing die de qi zhi,成功
精锻用魔矿,jing duan yong mo kuang,成功
荆冠座,jing guan zuo,成功
晶核,jing he,成功
镜花,jing hua,成功
镜华风姿,jing hua feng zi,成功
晶化骨髓,jing hua gu sui,成功
镜花之琴,jing hua zhi qin,成功
静静绽放的霜花,jing jing zhan fang de shuang hua,成功
惊雷精油,jing lei jing you,成功
净琉璃工坊,jing liu li gong fang,成功
晶凝之华,jing ning zhi hua,成功
净善宫,jing shan gong,成功
净善摄受明论,jing shan she shou ming lun,成功
靖世九柱,jing shi jiu zhu,成功
晶石命理,jing shi ming li,成功
净水之心,jing shui zhi xin,成功
晶台,jing tai,成功
净天水环,jing tian shui huan,成功
鲸天座,jing tian zuo,成功
精通杯,jing tong bei,成功
精通沙,jing tong sha,成功
精通头,jing tong tou,成功
鲸吞噬灭,jing tun shi mie,成功
经验书,jing yan shu,成功
靖妖傩舞,jing yao nuo wu,成功
警长猫,jing zhang mao,成功
九步踯躅间,jiu bu zhi zhu jian,成功
纠缠之缘,jiu chan zhi yuan,成功
九弓的执命,jiu gong de zhi ming,成功
纠集众人,jiu ji zhong ren,成功
救苦度厄,jiu ku du e,成功
久岐忍,jiu qi ren,成功
久时的祝祷,jiu shi de zhu dao,成功
九十九物,jiu shi jiu wu,成功
久世舞夕颜,jiu shi wu xi yan,成功
九条家,jiu tiao jia,成功
九条镰治,jiu tiao lian zhi,成功
九条裟罗,jiu tiao sha luo,成功
九条阵屋,jiu tiao zhen wu,成功
酒业杀手,jiu ye sha shou,成功
酒庄大扫除,jiu zhuang da sao chu,成功
酒渍船帽,jiu zi chuan mao,成功
剧场的琼片丛簇,ju chang de qiong pian cong cu,成功
剧场的盛意摹刻,ju chang de sheng yi mo ke,成功
居尔城,ju er cheng,成功
居尔城神殿,ju er cheng shen dian,成功
居尔城墟,ju er cheng xu,成功
聚风蹴,ju feng cu,成功
飓风领域,ju feng ling yu,成功
聚风真眼,ju feng zhen yan,成功
飓风之种,ju feng zhi zhong,成功
菊花花,ju hua hua,成功
聚会与痛饮之时,ju hui yu tong yin zhi shi,成功
飓烈箭,ju lie jian,成功
居民请求,ju min qing qiu,成功
巨人峡谷,ju ren xia gu,成功
巨蛇岩洞,ju she yan dong,成功
俱象残火,ju xiang can huo,成功
巨渊之口,ju yuan zhi kou,成功
巨渊主矿区,ju yuan zhu kuang qu,成功
卷积微尘,juan ji wei chen,成功
眷恋的泠风,juan lian de ling feng,成功
决斗之枪,jue dou zhi qiang,成功
绝对不是下酒菜,jue dui bu shi xia jiu cai,成功
攫金鸦印,jue jin ya yin,成功
绝境求生烤鱼,jue jing qiu sheng kao yu,成功
绝命的加速,jue ming de jia su,成功
掘墓者,jue mu zhe,成功
角色池,jue se chi,成功
角色好感,jue se hao gan,成功
决水于溪,jue shui yu xi,成功
觉王之殿,jue wang zhi dian,成功
绝弦,jue xian,成功
绝缘套,jue yuan tao,成功
绝缘药剂,jue yuan yao ji,成功
绝缘之旗印,jue yuan zhi qi yin,成功
绝云锅巴,jue yun guo ba,成功
绝云间,jue yun jian,成功
绝云椒椒,jue yun jiao jiao,成功
菌核,jun he,成功
卡帕奇莉,ka pa qi li,成功
卡萨扎莱宫,ka sa zha lai gong,成功
卡萨扎莱宫的无微不至,ka sa zha lai gong de wu wei bu zhi,成功
喀万驿,ka wan yi,成功
开场即兴段,kai chang ji xing duan,成功
凯瑟琳,kai se lin,成功
凯亚铺冰,kai ya pu bing,成功
开阳星,kai yang xing,成功
坎蒂丝,kan di si,成功
坎瑞亚,kan rui ya,成功
勘探机,kan tan ji,成功
抗打断能力,kang da duan neng li,成功
抗争的,kang zheng de,成功
抗争的暴风,kang zheng de bao feng,成功
抗争的践行之歌,kang zheng de jian xing zhi ge,成功
抗争的教导,kang zheng de jiao dao,成功
抗争的哲学,kang zheng de zhe xue,成功
抗争的指引,kang zheng de zhi yin,成功
烤吃虎鱼,kao chi hu yu,成功
烤蘑菇披萨,kao mo gu pi sa,成功
烤肉卷,kao rou juan,成功
烤肉排,kao rou pai,成功
苛捐,ke juan,成功
柯莱,ke lai,成功
可莉,ke li,成功
柯里安巴,ke li an ba,成功
柯里安巴领域,ke li an ba ling yu,成功
可莉特调,ke li te tiao,成功
刻晴,ke qing,成功
客卿,ke qing,成功
克柔,ke rou,成功
刻师傅,ke shi fu,成功
刻像,ke xiang,成功
渴泽石,ke ze shi,成功
空行的虚铃,kong hang de xu ling,成功
空劫,kong jie,成功
空居力,kong ju li,成功
空壳,kong ke,成功
孔雀木,kong que mu,成功
空峋,kong xun,成功
空巡,kong xun,成功
空月祝福,kong yue zhu fu,成功
空之杯,kong zhi bei,成功
空中施放,kong zhong shi fang,成功
空中自在法,kong zhong zi zai fa,成功
口袋饼,kou dai bing,成功
口袋锚点,kou dai mao dian,成功
口袋魔导书,kou dai mo dao shu,成功
扣三丝,kou san si,成功
枯焦的星蕈,ku jiao de xing xun,成功
苦炮鲀,ku pao tun,成功
苦舍桓,ku she huan,成功
苦痛恩典,ku tong en dian,成功
枯萎的苦舍桓,ku wei de ku she huan,成功
快是第一奥义,kuai shi di yi ao yi,成功
快速射击,kuai su she ji,成功
矿点检索,kuang dian jian suo,成功
狂风精油,kuang feng jing you,成功
狂风之核,kuang feng zhi he,成功
矿工头子,kuang gong tou zi,成功
诓惑者,kuang huo zhe,成功
诓惑者接树移花,kuang huo zhe jie shu yi hua,成功
狂澜,kuang lan,成功
旷漠,kuang mo,成功
傀儡的悬丝,kui lei de xuan si,成功
扩散,kuo san,成功
腊肉窝窝头,la rou wo wo tou,成功
辣味时蔬烩肉,la wei shi shu hui rou,成功
来复知时,lai fu zhi shi,成功
莱艮芬德,lai gen fen de,成功
来来菜,lai lai cai,成功
来歆余响,lai xin yu xiang,成功
莱伊拉,lai yi la,成功
兰巴德酒馆,lan ba de jiu guan,成功
兰巴德鱼卷,lan ba de yu juan,成功
蓝宝石,lan bao shi,成功
蓝角蜥,lan jiao xi,成功
蓝翎鹭,lan ling lu,成功
蓝鳍鲈鱼,lan qi lu yu,成功
蓝染花鳉,lan ran hua jiang,成功
滥觞无底,lan shang wu di,成功
兰生幽谷,lan sheng you gu,成功
蓝蛙,lan wa,成功
浪船,lang chuan,成功
浪船锚点,lang chuan mao dian,成功
浪船修理工具,lang chuan xiu li gong ju,成功
狼的末路,lang de mo lu,成功
浪花骑士,lang hua qi shi,成功
浪客座,lang ke zuo,成功
狼末,lang mo,成功
浪沫座,lang mo zuo,成功
浪闪,lang shan,成功
牢固的箭簇,lao gu de jian cu,成功
老旧的诗琴,lao jiu de shi qin,成功
劳伦斯,lao lun si,成功
劳伦斯的血脉,lao lun si de xue mai,成功
老太婆来抓我啊,lao tai po lai zhua wo a,成功
乐园套,le yuan tao,成功
乐园遗落之花,le yuan yi luo zhi hua,成功
雷本,lei ben,成功
雷锤,lei chui,成功
雷锤哥,lei chui ge,成功
雷锤前锋军,lei chui qian feng jun,成功
雷弹,lei dan,成功
雷弹丘丘人,lei dan qiu qiu ren,成功
雷电将军,lei dian jiang jun,成功
雷兜王,lei dou wang,成功
雷罚恶曜之眼,lei fa e yao zhi yan,成功
雷斧,lei fu,成功
雷斧丘丘暴徒,lei fu qiu qiu bao tu,成功
雷光棱镜,lei guang leng jing,成功
雷箭,lei jian,成功
雷箭丘丘人,lei jian qiu qiu ren,成功
雷晶蝶,lei jing die,成功
雷厉,lei li,成功
雷砾,lei li,成功
雷鸣仙,lei ming xian,成功
雷鸟的怜悯,lei niao de lian min,成功
雷鸟的羽毛,lei niao de yu mao,成功
雷飘浮灵,lei piao fu ling,成功
雷丘丘萨满,lei qiu qiu sa man,成功
雷伤,lei shang,成功
雷伤杯,lei shang bei,成功
雷神,lei shen,成功
雷神瞳,lei shen tong,成功
雷神瞳共鸣石,lei shen tong gong ming shi,成功
雷深渊法师,lei shen yuan fa shi,成功
雷史莱姆,lei shi lai mu,成功
雷腾,lei teng,成功
雷霆的时计,lei ting de shi ji,成功
雷霆数珠,lei ting shu zhu,成功
雷霆探针,lei ting tan zhen,成功
雷楔,lei xie,成功
雷楔标记,lei xie biao ji,成功
雷蕈兽,lei xun shou,成功
雷野险踪,lei ye xian zong,成功
雷音权现,lei yin quan xian,成功
雷萤,lei ying,成功
雷樱树,lei ying shu,成功
雷萤术士,lei ying shu shi,成功
雷樱枝条,lei ying zhi tiao,成功
雷元素,lei yuan su,成功
雷元素伤害,lei yuan su shang hai,成功
雷云之笼,lei yun zhi long,成功
雷灾的孑遗,lei zai de jie yi,成功
雷之药剂师,lei zhi yao ji shi,成功
雷之印,lei zhi yin,成功
雷种子,lei zhong zi,成功
雷主,lei zhu,成功
冷冻炸弹,leng dong zha dan,成功
棱晶,leng jing,成功
棱镜,leng jing,成功
冷酷之心,leng ku zhi xin,成功
冷却时间,leng que shi jian,成功
冷刃,leng ren,成功
冷肉拼盘,leng rou pin pan,成功
冷鲜肉,leng xian rou,成功
离别的思念之歌,li bie de si nian zhi ge,成功
离别之贝,li bie zhi bei,成功
力场发生器,li chang fa sheng qi,成功
离簇不归,li cu bu gui,成功
离岛,li dao,成功
离岛之路,li dao zhi lu,成功
离渡谷,li du gu,成功
梨多梵谛学院,li duo fan di xue yuan,成功
璃冠鸽,li guan ge,成功
历经风雪的思念,li jing feng xue de si nian,成功
历练的猎弓,li lian de lie gong,成功
利露帕尔,li lu pa er,成功
黎明,li ming,成功
黎明神剑,li ming shen jian,成功
理清逃跑路线,li qing tao pao lu xian,成功
璃沙郊,li sha jiao,成功
利上加利,li shang jia li,成功
理式摹写,li shi mo xie,成功
理水叠山真君,li shui die shan zhen jun,成功
立仪俯览昼冥,li yi fu lan zhou ming,成功
梨园金鸣,li yuan jin ming,成功
梨园弦鼓,li yuan xian gu,成功
璃月,li yue,成功
璃月港,li yue gang,成功
璃月港有海盗,li yue gang you hai dao,成功
璃月七星,li yue qi xing,成功
璃月仙人,li yue xian ren,成功
历战的箭簇,li zhan de jian cu,成功
理之冠,li zhi guan,成功
练兵场的一角,lian bing chang de yi jiao,成功
莲花酥,lian hua su,成功
连环轰隆,lian huan hong long,成功
炼金的偏执,lian jin de pian zhi,成功
炼金术士,lian jin shu shi,成功
怜悯之心,lian min zhi xin,成功
连心面,lian xin mian,成功
连斩,lian zhan,成功
廉贞,lian zhen,成功
莲子禽蛋羹,lian zi qin dan geng,成功
凉拌薄荷,liang ban bo he,成功
亮晶晶发现术,liang jing jing fa xian shu,成功
僚佐的才巧,liao zuo de cai qiao,成功
猎兵祭刀,lie bing ji dao,成功
烈风波,lie feng bo,成功
猎弓,lie gong,成功
烈火攻燔,lie huo gong fan,成功
烈火精油,lie huo jing you,成功
裂空的魔龙,lie kong de mo long,成功
猎鹿人,lie lu ren,成功
猎品的斗篷,lie pin de dou peng,成功
猎人的暗哨,lie ren de an shao,成功
猎人青翠的箭羽,lie ren qing cui de jian yu,成功
猎人射术,lie ren she shu,成功
猎人之径,lie ren zhi jing,成功
烈日威权,lie ri wei quan,成功
烈日威权的残响,lie ri wei quan de can xiang,成功
烈日威权的旧日,lie ri wei quan de jiu ri,成功
烈日威权的梦想,lie ri wei quan de meng xiang,成功
烈日威权的余光,lie ri wei quan de yu guang,成功
烈烧佑命护盾,lie shao you ming hu dun,成功
烈烧佑命之侍护,lie shao you ming zhi shi hu,成功
烈焰花,lie yan hua,成功
烈焰花花蕊,lie yan hua hua rui,成功
烈绽放,lie zhan fang,成功
列柱沙原,lie zhu sha yuan,成功
凛风奔狼,lin feng ben lang,成功
凛风奔狼的断牙,lin feng ben lang de duan ya,成功
凛风奔狼的怀乡,lin feng ben lang de huai xiang,成功
凛风奔狼的裂齿,lin feng ben lang de lie chi,成功
凛风奔狼的始龀,lin feng ben lang de shi chen,成功
临时主矿道,lin shi zhu kuang dao,成功
林簌,lin su,成功
临危受命,lin wei shou ming,成功
林野晚星,lin ye wan xing,成功
林野一角的妙迹,lin ye yi jiao de miao ji,成功
林野与沙漠的合奏,lin ye yu sha mo de he zou,成功
临渊石,lin yuan shi,成功
林之梦,lin zhi meng,成功
临终祈礼,lin zhong qi li,成功
林中遇变,lin zhong yu bian,成功
领祷仪式,ling dao yi shi,成功
灵风猎手,ling feng lie shou,成功
绫华,ling hua,成功
灵矩关,ling ju guan,成功
零氪,ling ke,成功
零命,ling ming,成功
灵刃,ling ren,成功
绫人,ling ren,成功
灵刃爆裂,ling ren bao lie,成功
灵蛇恶灵,ling she e ling,成功
零失误少女,ling shi wu shao nv,成功
聆听忏悔的幽影,ling ting chan hui de you ying,成功
令仪引谒归灵,ling yi yin ye gui ling,成功
柳德米拉,liu de mi la,成功
流放者,liu fang zhe,成功
流放者怀表,liu fang zhe huai biao,成功
流放者头冠,liu fang zhe tou guan,成功
流放者之杯,liu fang zhe zhi bei,成功
流放者之花,liu fang zhe zhi hua,成功
流放者之羽,liu fang zhe zhi yu,成功
流风秋野,liu feng qiu ye,成功
流火焦灼,liu huo jiao zhuo,成功
琉金火光,liu jin huo guang,成功
琉金云间草,liu jin yun jian cao,成功
鎏金之鳞,liu jin zhi lin,成功
琉金座,liu jin zuo,成功
流浪大地的乐团,liu lang da di de yue tuan,成功
流浪的晚星,liu lang de wan xing,成功
流浪乐章,liu lang yue zhang,成功
流浪者,liu lang zhe,成功
流浪者的经验,liu lang zhe de jing yan,成功
琉璃百合,liu li bai he,成功
琉璃袋,liu li dai,成功
琉璃峰,liu li feng,成功
琉璃花鳉,liu li hua jiang,成功
琉璃亭,liu li ting,成功
流明晶石,liu ming jing shi,成功
流明石触媒,liu ming shi chu mei,成功
留念镜,liu nian jing,成功
陆叁壹捌,liu san yi ba,成功
流沙贵嗣的遗宝,liu sha gui si de yi bao,成功
流沙鳗鳗,liu sha man man,成功
流天射术,liu tian she shu,成功
流纹茶蝶鱼,liu wen cha die yu,成功
流纹褐蝶鱼,liu wen he die yu,成功
流纹京紫蝶鱼,liu wen jing zi die yu,成功
流耀枪术,liu yao qiang shu,成功
流耀枪术守势,liu yao qiang shu shou shi,成功
留影机,liu ying ji,成功
流羽交互,liu yu jiao hu,成功
流月针,liu yue zhen,成功
留云借风洞天,liu yun jie feng dong tian,成功
留云借风真君,liu yun jie feng zhen jun,成功
六指乔瑟,liu zhi qiao se,成功
流转剑脊的暴风,liu zhuan jian ji de bao feng,成功
笼钓瓶一心,long diao ping yi xin,成功
龙哥,long ge,成功
泷廻鉴花,long hui jian hua,成功
龙脊长枪,long ji chang qiang,成功
龙脊雪山,long ji xue shan,成功
龙嗣伪鳍,long si wei qi,成功
龙王之冕,long wang zhi mian,成功
龙须面,long xu mian,成功
楼阁套,lou ge tao,成功
卢锅巴,lu guo ba,成功
渌华池,lu hua chi,成功
炉灰石,lu hui shi,成功
鹿角,lu jiao,成功
卢老爷,lu lao ye,成功
箓灵,lu ling,成功
卢皮卡,lu pi ka,成功
勠心拳,lu xin quan,成功
陆行水本真蕈,lu xing shui ben zhen xun,成功
陆行岩本真蕈,lu xing yan ben zhen xun,成功
鹿野苑平藏,lu ye yuan ping cang,成功
鹿喑,lu yin,成功
露隐楝叶间,lu yin lian ye jian,成功
炉灶之魔神,lu zao zhi mo shen,成功
乱岚拨枝,luan lan bo zhi,成功
乱神之怪力,luan shen zhi guai li,成功
掠食者,lue shi zhe,成功
萝卜时蔬汤,luo bo shi shu tang,成功
罗浮洞,luo fu dong,成功
落落莓,luo luo mei,成功
骆骆驮兽,luo luo tuo shou,成功
络命丝,luo ming si,成功
落日鳅鳅,luo ri qiu qiu,成功
罗莎莉亚,luo sha li ya,成功
落霞,luo xia,成功
落羽的裁择,luo yu de cai ze,成功
履虫,lv chong,成功
律法咨询,lv fa zi xun,成功
绿角蜥,lv jiao xi,成功
律令箓灵,lv ling lu ling,成功
旅团的兵阵雄姿,lv tuan de bing zhen xiong zi,成功
旅行剑,lv xing jian,成功
绿野碧茵,lv ye bi yin,成功
绿野的盛宴,lv ye de sheng yan,成功
绿野的侍者,lv ye de shi zhe,成功
绿野的坐席,lv ye de zuo xi,成功
律仪行度誓惩,lv yi xing du shi cheng,成功
律渊渡魂,lv yuan du hun,成功
绿洲花园,lv zhou hua yuan,成功
绿洲花园的哀思,lv zhou hua yuan de ai si,成功
绿洲花园的恩惠,lv zhou hua yuan de en hui,成功
绿洲花园的真谛,lv zhou hua yuan de zhen di,成功
绿洲花园的追忆,lv zhou hua yuan de zhui yi,成功
玛格丽特,ma ge li te,成功
玛海菈的水色,ma hai la de shui se,成功
马科修斯,ma ke xiu si,成功
玛莉卡塔,ma li ka ta,成功
玛乔丽,ma qiao li,成功
玛萨拉芝士球,ma sa la zhi shi qiu,成功
马斯克礁,ma si ke jiao,成功
马尾,ma wei,成功
卖唱的,mai chang de,成功
脉冲波,mai chong bo,成功
麦尔斯,mai er si,成功
蔓激化,man ji hua,成功
满精炼,man jing lian,成功
满命,man ming,成功
满命满精,man ming man jing,成功
满命座,man ming zuo,成功
鳗肉,man rou,成功
鳗肉茶泡饭,man rou cha pao fan,成功
漫沙陨穹,man sha yun qiong,成功
蔓藤花饰座,man teng hua shi zuo,成功
漫行灵圃,man xing ling pu,成功
漫行山薮,man xing shan sou,成功
满蓄力,man xu li,成功
漫掷万镒,man zhi wan yi,成功
满足沙拉,man zu sha la,成功
忙碌的厨房,mang lu de chu fang,成功
茂才公,mao cai gong,成功
锚点,mao dian,成功
茂风流羽行,mao feng liu yu xing,成功
猫猫秘宝,mao mao mi bao,成功
牦牦驮兽,mao mao tuo shou,成功
卯师傅,mao shi fu,成功
猫尾打烊之时,mao wei da yang zhi shi,成功
猫尾酒馆,mao wei jiu guan,成功
猫尾隐藏菜单,mao wei yin cang cai dan,成功
冒险等阶,mao xian deng jie,成功
冒险家,mao xian jia,成功
冒险家蛋堡,mao xian jia dan bao,成功
冒险家的临时阵地,mao xian jia de lin shi zhen di,成功
冒险家怀表,mao xian jia huai biao,成功
冒险家金杯,mao xian jia jin bei,成功
冒险家头戴,mao xian jia tou dai,成功
冒险家尾羽,mao xian jia wei yu,成功
冒险家协会,mao xian jia xie hui,成功
冒险家之花,mao xian jia zhi hua,成功
茂知祭场,mao zhi ji chang,成功
茂知之壳,mao zhi zhi ke,成功
猫爪冰摇,mao zhua bing yao,成功
猫爪冻冻,mao zhua dong dong,成功
梅姬斯图斯,mei ji si tu si,成功
寐领围垣,mei ling wei yuan,成功
美梦,mei meng,成功
梅娜卡里商铺,mei na ka li shang pu,成功
每日委托,mei ri wei tuo,成功
没听众也要演奏,mei ting zhong ye yao yan zou,成功
美味的,mei wei de,成功
没有未来菜,mei you wei lai cai,成功
蒙德,meng de,成功
蒙德百货,meng de bai huo,成功
蒙德城,meng de cheng,成功
蒙德烤鱼,meng de kao yu,成功
蒙德土豆饼,meng de tu dou bing,成功
蒙德往事,meng de wang shi,成功
蒙德渔师,meng de yu shi,成功
梦迹一风,meng ji yi feng,成功
梦见木,meng jian mu,成功
梦境边际,meng jing bian ji,成功
梦景林莽,meng jing lin mang,成功
萌蘖的竹笋,meng nie de zhu sun,成功
盟誓金爵,meng shi jin jue,成功
梦想的殿堂,meng xiang de dian tang,成功
梦想一刀,meng xiang yi dao,成功
梦想一心,meng xiang yi xin,成功
梦想真说,meng xiang zhen shuo,成功
梦醒之瓢,meng xing zhi piao,成功
曚云神社,meng yun shen she,成功
曚云之月,meng yun zhi yue,成功
梦之树,meng zhi shu,成功
梦中的铁花,meng zhong de tie hua,成功
秘典之盒,mi dian zhi he,成功
米饭布丁,mi fan bu ding,成功
迷宫的游人,mi gong de you ren,成功
迷宫之王的教导,mi gong zhi wang de jiao dao,成功
密固的横脊,mi gu de heng ji,成功
米哈伊尔,mi ha yi er,成功
秘火,mi huo,成功
秘剑,mi jian,成功
蜜酱胡萝卜煎肉,mi jiang hu luo bo jian rou,成功
秘境,mi jing,成功
谜林道破,mi lin dao po,成功
谧林涓露,mi lin juan lu,成功
谧林涓露的金符,mi lin juan lu de jin fu,成功
谧林涓露的铁符,mi lin juan lu de tie fu,成功
谧林涓露的铜符,mi lin juan lu de tong fu,成功
谧林涓露的银符,mi lin juan lu de yin fu,成功
迷迷糊糊,mi mi hu hu,成功
迷你仙灵,mi ni xian ling,成功
迷你仙灵薄红,mi ni xian ling bo hong,成功
迷你仙灵露草,mi ni xian ling lu cao,成功
迷你仙灵苔绿,mi ni xian ling tai lv,成功
迷你仙灵郁金,mi ni xian ling yu jin,成功
迷你仙灵紫苑,mi ni xian ling zi yuan,成功
弥生漆器,mi sheng qi qi,成功
秘术研究所,mi shu yan jiu suo,成功
米窝窝,mi wo wo,成功
迷误者之灯,mi wu zhe zhi deng,成功
秘仪,mi yi,成功
秘仪圣殿,mi yi sheng dian,成功
秘仪台座,mi yi tai zuo,成功
米圆塔,mi yuan ta,成功
迷醉长梦的守护,mi zui chang meng de shou hu,成功
面具鼬,mian ju you,成功
眠龙谷,mian long gu,成功
眠龙座,mian long zuo,成功
妙道合真,miao dao he zhen,成功
妙谛破愚之叶,miao di po yu zhi ye,成功
喵酱,miao jiang,成功
妙论派,miao lun pai,成功
喵喵侍者,miao miao shi zhe,成功
妙受琼阁,miao shou qiong ge,成功
庙算无遗,miao suan wu yi,成功
妙显剑舞,miao xian jian wu,成功
妙香林,miao xiang lin,成功
妙转随心,miao zhuan sui xin,成功
瞄准射击,miao zhun she ji,成功
灭度机,mie du ji,成功
灭净三业,mie jing san ye,成功
灭绝的预言,mie jue de yu yan,成功
灭却之戒法,mie que zhi jie fa,成功
灭邪四式,mie xie si shi,成功
灭诤草蔓,mie zheng cao man,成功
珉林,min lin,成功
暝彩鸟,ming cai niao,成功
鸣草,ming cao,成功
名刀镡,ming dao chan,成功
冥古之潮,ming gu zhi chao,成功
明冠山地,ming guan shan di,成功
明冠峡,ming guan xia,成功
明冠羽叶,ming guan yu ye,成功
鸣海栖霞,ming hai qi xia,成功
鸣海栖霞洞天,ming hai qi xia dong tian,成功
鸣海栖霞真君,ming hai qi xia zhen jun,成功
冥祭,ming ji,成功
铭记之谷,ming ji zhi gu,成功
明论派,ming lun pai,成功
明沙白椰树,ming sha bai ye shu,成功
鸣神大社,ming shen da she,成功
鸣神岛,ming shen dao,成功
鸣神御灵,ming shen yu ling,成功
鸣神御灵的欢喜,ming shen yu ling de huan xi,成功
鸣神御灵的明惠,ming shen yu ling de ming hui,成功
鸣神御灵的亲爱,ming shen yu ling de qin ai,成功
鸣神御灵的勇武,ming shen yu ling de yong wu,成功
鸣神主尊,ming shen zhu zun,成功
名士振舞,ming shi zhen wu,成功
明威之镡,ming wei zhi chan,成功
鸣霞浮生石,ming xia fu sheng shi,成功
明星斋,ming xing zhai,成功
明月蛋,ming yue dan,成功
命运的嘲弄,ming yun de chao nong,成功
命运的虚影,ming yun de xu ying,成功
命运的织机,ming yun de zhi ji,成功
明蕴镇,ming yun zhen,成功
命之座,ming zhi zuo,成功
名椎滩,ming zhui tan,成功
命座,ming zuo,成功
缪绕,miu rao,成功
摹本,mo ben,成功
莫从恒蹊,mo cong heng xi,成功
魔弹一闪,mo dan yi shan,成功
魔导绪论,mo dao xu lun,成功
魔法肉酱面,mo fa rou jiang mian,成功
末光之剑,mo guang zhi jian,成功
魔晶块,mo jing kuai,成功
魔晶矿,mo jing kuang,成功
魔矿,mo kuang,成功
摩拉,mo la,成功
摩拉急速来,mo la ji su lai,成功
摩拉克斯,mo la ke si,成功
摩拉肉,mo la rou,成功
魔鳞病,mo lin bing,成功
莫娜,mo na,成功
魔女常燃之羽,mo nv chang ran zhi yu,成功
魔女的心之火,mo nv de xin zhi huo,成功
魔女的炎之花,mo nv de yan zhi hua,成功
魔女破灭之时,mo nv po mie zhi shi,成功
魔女套,mo nv tao,成功
魔偶机心,mo ou ji xin,成功
魔偶剑鬼,mo ou jian gui,成功
魔瓶镇灵,mo ping zhen ling,成功
魔杀绝技,mo sha jue ji,成功
魔神任务,mo shen ren wu,成功
末途真眼,mo tu zhen yan,成功
魔王武装,mo wang wu zhuang,成功
魔王之刃,mo wang zhi ren,成功
魔王之刃残片,mo wang zhi ren can pian,成功
魔蜥厄灵,mo xi e ling,成功
魔蝎厄灵,mo xie e ling,成功
魔岩役使,mo yan yi shi,成功
摩耶之殿,mo ye zhi dian,成功
魔鸢厄灵,mo yuan e ling,成功
木盾,mu dun,成功
木盾丘丘暴徒,mu dun qiu qiu bao tu,成功
木盾丘丘人,mu dun qiu qiu ren,成功
慕风蘑菇,mu feng mo gu,成功
牧歌之镇,mu ge zhi zhen,成功
木漏茶室,mu lou cha shi,成功
木南料亭,mu nan liao ting,成功
木樨座,mu xi zuo,成功
沐浴龙血的剑,mu yu long xue de jian,成功
沐浴月光之树,mu yu yue guang zhi shu,成功
暮云角鲀,mu yun jiao tun,成功
纳塔,na ta,成功
纳西妲,na xi da,成功
耐寒药剂,nai han yao ji,成功
耐久度,nai jiu du,成功
耐热药剂,nai re yao ji,成功
奶香菌菇脆塔,nai xiang jun gu cui ta,成功
南风之狮,nan feng zhi shi,成功
南风之狮的庙宇,nan feng zhi shi de miao yu,成功
南境香风叶,nan jing xiang feng ye,成功
难破,nan po,成功
南十字,nan shi zi,成功
南十字船队,nan shi zi chuan dui,成功
楠塔克,nan ta ke,成功
南天门,nan tian men,成功
能量沐浴,neng liang mu yu,成功
霓裳花,ni chang hua,成功
薿此芝田,ni ci zhi tian,成功
逆飞的流星,ni fei de liu xing,成功
逆飞套,ni fei tao,成功
逆挂的正义,ni gua de zheng yi,成功
霓裾翩跹,ni ju pian xian,成功
妮露,ni lu,成功
泥蛙,ni wa,成功
逆焰之刃,ni yan zhi ren,成功
拟造阳华,ni zao yang hua,成功
匿踪之叶,ni zong zhi ye,成功
年幼的萃华树,nian you de cui hua shu,成功
鸟蛋,niao dan,成功
鸟蛋烧,niao dan shao,成功
鸟蛋寿司,niao dan shou si,成功
啮冰,nie bing,成功
啮骸状态,nie hai zhuang tai,成功
蹑影轻踪,nie ying qing zong,成功
凝冰渡海真君,ning bing du hai zhen jun,成功
凝光,ning guang,成功
凝结的时刻,ning jie de shi ke,成功
凝结之冰,ning jie zhi bing,成功
宁静深夜的沙风,ning jing shen ye de sha feng,成功
凝聚,ning ju,成功
凝浪之光剑,ning lang zhi guang jian,成功
凝水盛放,ning shui cheng fang,成功
凝停的绮璨明彩,ning ting de qi can ming cai,成功
牛头人,niu tou ren,成功
牛王同行,niu wang tong hang,成功
牛杂师傅,niu za shi fu,成功
浓缩树脂,nong suo shu zhi,成功
怒放的火之花,nu fang de huo zhi hua,成功
怒目鬼王,nu mu gui wang,成功
暖叶篝火树,nuan ye gou huo shu,成功
暖意,nuan yi,成功
诺艾尔,nuo ai er,成功
诺拉勇者座,nuo la yong zhe zuo,成功
女仆,nv pu,成功
女士,nv shi,成功
欧皇,ou huang,成功
帕蒂莎兰,pa di sha lan,成功
帕蒂莎兰布丁,pa di sha lan bu ding,成功
帕维兹拉万,pa wei zi la wan,成功
派蒙,pai meng,成功
排异之露,pai yi zhi lu,成功
盘伏树,pan fu shu,成功
磐高危险,pan gao wei xian,成功
叛逆的守护者,pan ni de shou hu zhe,成功
叛逆刮弦,pan ni gua xian,成功
攀爬,pan pa,成功
磐石精油,pan shi jing you,成功
磐陀裂生之花,pan tuo lie sheng zhi hua,成功
盘纹硬陶石,pan wen ying tao shi,成功
磐岩,pan yan,成功
磐岩结绿,pan yan jie lv,成功
磐岩套,pan yan tao,成功
螃蟹,pang xie,成功
炮鲀,pao tun,成功
泡影,pao ying,成功
泡影状态,pao ying zhuang tai,成功
抛掷型,pao zhi xing,成功
砰砰,peng peng,成功
砰砰礼物,peng peng li wu,成功
毗波耶,pi bo ye,成功
披沙沥金,pi sha li jin,成功
偏光棱镜,pian guang leng jing,成功
骗骗花,pian pian hua,成功
骗骗花蜜,pian pian hua mi,成功
翩舞永世之梦,pian wu yong shi zhi meng,成功
翩旋的流光,pian xuan de liu guang,成功
片叶苏芳缀银朱,pian ye su fang zhui yin zhu,成功
翩转,pian zhuan,成功
飘浮灵,piao fu ling,成功
缥锦机关,piao jin ji guan,成功
缥锦机关留云,piao jin ji guan liu yun,成功
缥缈仙缘,piao miao xian yuan,成功
品梦一刻,pin meng yi ke,成功
平藏,ping cang,成功
凭此结契,ping ci jie qi,成功
苹果酿,ping guo niang,成功
平海砦,ping hai zhai,成功
萍姥姥,ping lao lao,成功
平雷套,ping lei tao,成功
平雷之冠,ping lei zhi guan,成功
平雷之刻,ping lei zhi ke,成功
平雷之器,ping lei zhi qi,成功
平雷之心,ping lei zhi xin,成功
平雷之羽,ping lei zhi yu,成功
平平无奇的灌木丛,ping ping wu qi de guan mu cong,成功
平息鸣雷的尊者,ping xi ming lei de zun zhe,成功
平妖大圣,ping yao da sheng,成功
瓶中人的天慧,ping zhong ren de tian hui,成功
破冰踏雪的回音,po bing ta xue de hui yin,成功
破盾工具人,po dun gong ju ren,成功
破旧的刀镡,po jiu de dao chan,成功
破局,po ju,成功
破局矢,po ju shi,成功
破空白铁小堇瓜,po kong bai tie xiao jin gua,成功
破浪,po lang,成功
破笼之志,po long zhi zhi,成功
破魔之弓,po mo zhi gong,成功
破破弹片,po po dan pian,成功
破缺棱晶,po que leng jing,成功
破损的面具,po sun de mian ju,成功
婆娑一舞,po suo yi wu,成功
破月渐盈,po yue jian ying,成功
破嶂见旌仪,po zhang jian jing yi,成功
破阵,po zhen,成功
破阵者,po zhen zhe,成功
普尔希娜光钉,pu er xi na guang ding,成功
普攻,pu gong,成功
蒲公英的国土,pu gong ying de guo tu,成功
蒲公英领域,pu gong ying ling yu,成功
蒲公英骑士,pu gong ying qi shi,成功
蒲公英之风,pu gong ying zhi feng,成功
蒲公英籽,pu gong ying zi,成功
蒲烧鳗肉,pu shao man rou,成功
普斯帕咖啡馆,pu si pa ka fei guan,成功
普通攻击,pu tong gong ji,成功
骑兵队长,qi bing dui chang,成功
奇策,qi ce,成功
气定神闲,qi ding shen xian,成功
七段妙变化,qi duan miao bian hua,成功
祈风之赐,qi feng zhi ci,成功
齐格芙丽雅,qi ge fu li ya,成功
奇怪的,qi guai de,成功
奇怪的丘丘人,qi guai de qiu qiu ren,成功
漆黑弓手,qi hei gong shou,成功
漆黑旗手,qi hei qi shou,成功
漆黑枪兵,qi hei qiang bing,成功
漆黑陨铁,qi hei yun tie,成功
漆黑陨铁的一角,qi hei yun tie de yi jiao,成功
漆黑陨铁的一块,qi hei yun tie de yi kuai,成功
漆黑陨铁的一粒,qi hei yun tie de yi li,成功
漆黑陨铁的一片,qi hei yun tie de yi pian,成功
气候相交之地,qi hou xiang jiao zhi di,成功
奇迹耳坠,qi ji er zhui,成功
奇迹之杯,qi ji zhi bei,成功
奇迹之花,qi ji zhi hua,成功
奇迹之沙,qi ji zhi sha,成功
奇迹之羽,qi ji zhi yu,成功
七窟遗智,qi ku yi zhi,成功
旗令,qi ling,成功
气泡酸梅汁,qi pao suan mei zhi,成功
栖凭于清森深处,qi ping yu qing sen shen chu,成功
七七,qi qi,成功
崎岖石厅,qi qu shi ting,成功
齐身石,qi shen shi,成功
七圣枪术,qi sheng qiang shu,成功
七圣召唤,qi sheng zhao huan,成功
骑士的素质,qi shi de su zhi,成功
骑士染血之时,qi shi ran xue zhi shi,成功
启示之花,qi shi zhi hua,成功
起死回骸,qi si hui hai,成功
祈颂射艺,qi song she yi,成功
奇特的羽毛,qi te de yu mao,成功
七天神像,qi tian shen xiang,成功
启途誓使,qi tu shi shi,成功
祈望之心,qi wang zhi xin,成功
柒伍同构贰型,qi wu tong gou er xing,成功
气息之间,qi xi zhi jian,成功
启夏石,qi xia shi,成功
奇想天开捕物帐,qi xiang tian kai bu wu zhang,成功
七叶寂照秘密主,qi ye ji zhao mi mi zhu,成功
七域舞步,qi yu wu bu,成功
启蛰之祝词,qi zhe zhi zhu ci,成功
歧之地,qi zhi di,成功
奇状盘伏树,qi zhuang pan fu shu,成功
千兵致戎演兵场,qian bing zhi rong yan bing chang,成功
千层酥酥,qian ceng su su,成功
前尘旧忆,qian chen jiu yi,成功
千船万商云集之地,qian chuan wan shang yun ji zhi di,成功
浅葱上旋,qian cong shang xuan,成功
千风的诗篇,qian feng de shi pian,成功
千峰绝云之间,qian feng jue yun zhi jian,成功
千风神殿,qian feng shen dian,成功
潜光片羽,qian guang pian yu,成功
潜光效果,qian guang xiao guo,成功
千壑沙地,qian he sha di,成功
千家饔飧坊,qian jia yong sun fang,成功
乾坤锋座,qian kun feng zuo,成功
乾坤摩拉肉,qian kun mo la rou,成功
千来神祠,qian lai shen ci,成功
浅濑神社,qian lai shen she,成功
浅濑之弭,qian lai zhi mi,成功
千籁至音,qian lai zhi yin,成功
千籁至音缪绕,qian lai zhi yin miu rao,成功
千籁至音飖扬,qian lai zhi yin yao yang,成功
骞林馈遗,qian lin kui yi,成功
千门虚舟,qian men xu zhou,成功
千奇核心,qian qi he xin,成功
千山红遍,qian shan hong bian,成功
千手百眼,qian shou bai yan,成功
千手百眼神像,qian shou bai yan shen xiang,成功
千书曜迹,qian shu yao ji,成功
浅睡的花青,qian shui de hua qing,成功
千岁森散,qian sui sen san,成功
潜行隐曜弓,qian xing yin yao gong,成功
潜虚,qian xu,成功
千岩长枪,qian yan chang qiang,成功
千岩古剑,qian yan gu jian,成功
千岩诀同心,qian yan jue tong xin,成功
千岩牢固,qian yan lao gu,成功
千岩套,qian yan tao,成功
千夜的曙歌,qian ye de shu ge,成功
千叶浮梦,qian ye fu meng,成功
牵引,qian yin,成功
千早振,qian zao zhen,成功
千振致业,qian zhen zhi ye,成功
千柱的花园,qian zhu de hua yuan,成功
炝炒肉片,qiang chao rou pian,成功
锖假龙,qiang jia long,成功
强力攻击,qiang li gong ji,成功
强能之雷,qiang neng zhi lei,成功
蔷薇奶糊,qiang wei nai hu,成功
强者之道,qiang zhe zhi dao,成功
翘楚名坤,qiao chu ming kun,成功
荞麦面,qiao mai mian,成功
巧思的,qiao si de,成功
巧思的教导,qiao si de jiao dao,成功
巧思的哲学,qiao si de zhe xue,成功
巧思的指引,qiao si de zhi yin,成功
翘英庄,qiao ying zhuang,成功
切落之羽,qie luo zhi yu,成功
且试身手,qie shi shen shou,成功
锲纹的横脊,qie wen de heng ji,成功
勤劳的,qin lao de,成功
勤劳的教导,qin lao de jiao dao,成功
勤劳的哲学,qin lao de zhe xue,成功
勤劳的指引,qin lao de zhi yin,成功
禽肉,qin rou,成功
侵蚀,qin shi,成功
琴师的箭羽,qin shi de jian yu,成功
琴团长,qin tuan zhang,成功
寝息之光,qin xi zhi guang,成功
擒霞客,qin xia ke,成功
侵霞石,qin xia shi,成功
情报交易员,qing bao jiao yi yuan,成功
轻策寒玉竹,qing ce han yu zhu,成功
轻策鹭顶竹,qing ce lu ding zhu,成功
轻策农家菜,qing ce nong jia cai,成功
轻策山,qing ce shan,成功
轻策闲云居,qing ce xian yun ju,成功
轻策行云竹,qing ce xing yun zhu,成功
轻策庄,qing ce zhuang,成功
清炒虾仁,qing chao xia ren,成功
青磁蓬生,qing ci peng sheng,成功
庆典拉炮,qing dian la pao,成功
青金斧枪鱼,qing jin fu qiang yu,成功
清净邪物,qing jing xie wu,成功
清净之园囿,qing jing zhi yuan you,成功
清籁岛,qing lai dao,成功
清籁旧宝,qing lai jiu bao,成功
清籁丸,qing lai wan,成功
清籁逐雷记,qing lai zhu lei ji,成功
青雷鼬,qing lei you,成功
清泷绕峰,qing long rao feng,成功
倾奇者,qing qi zhe,成功
清琼岛,qing qiong dao,成功
清泉镇,qing quan zhen,成功
青色喷泉,qing se pen quan,成功
青衫景铄,qing shan jing shuo,成功
青衫问寒,qing shan wen han,成功
青衫自酌,qing shan zi zhuo,成功
清食养性,qing shi yang xing,成功
清算黑暗的炎之剑,qing suan hei an de yan zhi jian,成功
青天鳅鳅,qing tian qiu qiu,成功
青蛙,qing wa,成功
请仙典仪,qing xian dian yi,成功
清心,qing xin,成功
青虚孤楼,qing xu gu lou,成功
青墟浦,qing xu pu,成功
青叶剑骨树,qing ye jian gu shu,成功
青叶盘伏树,qing ye pan fu shu,成功
青叶珍枝树,qing ye zhen zhi shu,成功
倾影的莲步,qing ying de lian bu,成功
晴雨的经纬,qing yu de jing wei,成功
庆云顶,qing yun ding,成功
琼畟药骰,qiong ce yao tou,成功
琼玑野,qiong ji ye,成功
琼片遍郁野,qiong pian bian yu ye,成功
琼树映瓶覗,qiong shu ying ping si,成功
丘丘暴徒,qiu qiu bao tu,成功
鳅鳅宝玉,qiu qiu bao yu,成功
丘丘部族,qiu qiu bu zu,成功
丘丘雷兜王,qiu qiu lei dou wang,成功
丘丘人,qiu qiu ren,成功
丘丘人的一小步,qiu qiu ren de yi xiao bu,成功
丘丘萨满,qiu qiu sa man,成功
丘丘射手,qiu qiu she shou,成功
丘丘霜铠王,qiu qiu shuang kai wang,成功
丘丘岩盔王,qiu qiu yan kui wang,成功
虬髯公,qiu ran gong,成功
秋沙钱汤,qiu sha qian tang,成功
曲径通幽之处,qu jing tong you zhi chu,成功
取胜者,qu sheng zhe,成功
取胜者大小通吃,qu sheng zhe da xiao tong chi,成功
区域特产,qu yu te chan,成功
犬坂吠吠方圆阵,quan ban fei fei fang yuan zhen,成功
犬奔,quan ben,成功
全能美食队,quan neng mei shi dui,成功
犬舐,quan shi,成功
全是宝藏,quan shi bao zang,成功
拳术家,quan shu jia,成功
犬突,quan tu,成功
犬勇,quan yong,成功
权杖厅,quan zhang ting,成功
犬爪,quan zhao,成功
犬坐,quan zuo,成功
却砂木,que sha mu,成功
却月的轻舞,que yue de qing wu,成功
群青,qun qing,成功
群玉阁,qun yu ge,成功
燃烧,ran shao,成功
染血的黑之羽,ran xue de hei zhi yu,成功
染血的骑士道,ran xue de qi shi dao,成功
染血的铁假面,ran xue de tie jia mian,成功
染血的铁之心,ran xue de tie zhi xin,成功
染血骑士之杯,ran xue qi shi zhi bei,成功
染血套,ran xue tao,成功
燃愿玛瑙,ran yuan ma nao,成功
燃愿玛瑙断片,ran yuan ma nao duan pian,成功
燃愿玛瑙块,ran yuan ma nao kuai,成功
燃愿玛瑙碎屑,ran yuan ma nao sui xie,成功
热诚之火,re cheng zhi huo,成功
热情拂扫,re qing fu sao,成功
热沙炙烤的清凉,re sha zhi kao de qing liang,成功
若陀,re tuo,成功
若陀龙王,re tuo long wang,成功
忍刀,ren dao,成功
忍刀终末番,ren dao zhong mo fan,成功
忍冬之果,ren dong zhi guo,成功
忍法呜呼流,ren fa wu hu liu,成功
刃连岛,ren lian dao,成功
忍流飞刃斩,ren liu fei ren zhan,成功
认真普通瓶,ren zhen pu tong ping,成功
日常茶饭,ri chang cha fan,成功
日落鲷鱼烧,ri luo diao yu shao,成功
日落果,ri luo guo,成功
日落莓莓茶,ri luo mei mei cha,成功
日月辉,ri yue hui,成功
荣发商铺,rong fa shang pu,成功
荣光之风,rong guang zhi feng,成功
荣花之期,rong hua zhi qi,成功
熔毁之刻,rong hui zhi ke,成功
熔毁之翼,rong hui zhi yi,成功
绒绒卫兵,rong rong wei bing,成功
茸蕈窟,rong xun ku,成功
柔风低语间,rou feng di yu jian,成功
肉肉烤蘑菇披萨,rou rou kao mo gu pi sa,成功
蠕虫假饵,ru chong jia er,成功
如簇拥的晚霞,ru cu yong de wan xia,成功
入彀者,ru gou zhe,成功
入彀者多多益善,ru gou zhe duo duo yi shan,成功
如光骤现,ru guang zhou xian,成功
如狼般狩猎者,ru lang ban shou lie zhe,成功
如雷的盛怒,ru lei de sheng nu,成功
如雷套,ru lei tao,成功
如烈日的辉光,ru lie ri de hui guang,成功
如蜜的终宴,ru mi de zhong yan,成功
如破晓的预兆,ru po xiao de yu zhao,成功
如悬空的白星,ru xuan kong de bai xing,成功
如烨烁的远星,ru ye shuo de yuan xing,成功
如月亮的断片,ru yue liang de duan pian,成功
软弱之心,ruan ruo zhi xin,成功
锐利的箭簇,rui li de jian cu,成功
若雷结界,ruo lei jie jie,成功
若水,ruo shui,成功
若竹煮,ruo zhu zhu,成功
萨满,sa man,成功
萨梅尔,sa mei er,成功
萨义德,sa yi de,成功
塞琉斯,sai liu si,成功
赛诺,sai nuo,成功
塞西莉亚花,sai xi li ya hua,成功
塞西莉亚苗圃,sai xi li ya miao pu,成功
散兵,san bing,成功
三彩团子,san cai tuan zi,成功
三重雪关扉,san chong xue guan fei,成功
三奉行,san feng xing,成功
伞盖的荫蔽,san gai de yin bi,成功
叁阶,san jie,成功
三清铃座,san qing ling zuo,成功
三碗不过港,san wan bu guo gang,成功
三仙戏法,san xian xi fa,成功
散序节拍,san xu jie pai,成功
三眼五显仙人,san yan wu xian xian ren,成功
三运河之地,san yun he zhi di,成功
森林的瑞佑,sen lin de rui you,成功
森林书,sen lin shu,成功
森林王器,sen lin wang qi,成功
刹诃伐罗学院,sha he fa luo xue yuan,成功
沙褐穹隆菇,sha he qiong long gu,成功
沙狐,sha hu,成功
莎拉,sha la,成功
砂流之庭,sha liu zhi ting,成功
沙漠书,sha mo shu,成功
沙上楼阁,sha shang lou ge,成功
沙上楼阁史话,sha shang lou ge shi hua,成功
杀生樱,sha sheng ying,成功
砂糖,sha tang,成功
沙王的投影,sha wang de tou ying,成功
沙脂蛹,sha zhi yong,成功
沙中故里,sha zhong gu li,成功
沙中净水,sha zhong jing shui,成功
纱中幽兰,sha zhong you lan,成功
嬗变之尘,shan bian zhi chen,成功
珊瑚蝶,shan hu die,成功
珊瑚宫,shan hu gong,成功
珊瑚宫心海,shan hu gong xin hai,成功
珊瑚一心,shan hu yi xin,成功
珊瑚真珠,shan hu zhen zhu,成功
山脊守望,shan ji shou wang,成功
山家烧,shan jia shao,成功
善见地,shan jian di,成功
山间独居之屋,shan jian du ju zhi wu,成功
山岚残芯,shan lan can xin,成功
杉木,shan mu,成功
闪耀协奏,shan yao xie zou,成功
山阴锦簇,shan yin jin cu,成功
山泽麟迹,shan ze lin ji,成功
山珍凉卤面,shan zhen liang lu mian,成功
山珍热卤面,shan zhen re lu mian,成功
上风蚀地,shang feng shi di,成功
伤害加成,shang hai jia cheng,成功
上挑攻击,shang tiao gong ji,成功
韶光抚月,shao guang fu yue,成功
少年春衫薄,shao nian chun shan bo,成功
少女本,shao nv ben,成功
少女苦短的良辰,shao nv ku duan de liang chen,成功
少女片刻的闲暇,shao nv pian ke de xian xia,成功
少女飘摇的思念,shao nv piao yao de si nian,成功
少女套,shao nv tao,成功
少女易逝的芳颜,shao nv yi shi de fang yan,成功
烧瓶座,shao ping zuo,成功
蛇肠之路,she chang zhi lu,成功
社奉行,she feng xing,成功
蛇骨矿洞,she gu kuang dong,成功
舍径求真,she jing qiu zhen,成功
涉浪石,she lang shi,成功
舍身陷坑,she shen xian keng,成功
蛇神之首,she shen zhi shou,成功
设施完备的书房,she shi wan bei de shu fang,成功
射手,she shou,成功
射手丘丘人,she shou qiu qiu ren,成功
蛇心之地,she xin zhi di,成功
神变,shen bian,成功
深藏甘香的蜜酿,shen cang gan xiang de mi niang,成功
深藏咸涩的裂果,shen cang xian se de lie guo,成功
神代射术,shen dai she shu,成功
神的棋盘,shen de qi pan,成功
神灯座,shen deng zuo,成功
深海龙蜥,shen hai long xi,成功
深海龙蜥啮冰,shen hai long xi nie bing,成功
深海龙蜥吞雷,shen hai long xi tun lei,成功
深海龙蜥原种,shen hai long xi yuan zhong,成功
深海鳗鳗,shen hai man man,成功
申鹤,shen he,成功
神机明悟,shen ji ming wu,成功
蜃景祭场,shen jing ji chang,成功
深境螺旋,shen jing luo xuan,成功
神乐之真意,shen le zhi zhen yi,成功
神里,shen li,成功
神里家,shen li jia,成功
神里绫华,shen li ling hua,成功
神里绫人,shen li ling ren,成功
神里流,shen li liu,成功
神里流冰华,shen li liu bing hua,成功
神里流倾,shen li liu qing,成功
神里流霜灭,shen li liu shuang mie,成功
神里流霰步,shen li liu xian bu,成功
神里流转,shen li liu zhuan,成功
神里屋敷,shen li wu fu,成功
神篱之御荫,shen li zhi yu yin,成功
深林的记忆,shen lin de ji yi,成功
神灵凭依,shen ling ping yi,成功
神女遣灵真诀,shen nv qian ling zhen jue,成功
审判的晚宴,shen pan de wan yan,成功
神奇的霍普金斯,shen qi de huo pu jin si,成功
神弃殿阁,shen qi dian ge,成功
蜃气尽头的热梦,shen qi jin tou de re meng,成功
深入风龙废墟,shen ru feng long fei xu,成功
神射手,shen she shou,成功
神射手之誓,shen she shou zhi shi,成功
神守柏座,shen shou bai zuo,成功
深邃之血,shen sui zhi xue,成功
伸缩风蕈兽,shen suo feng xun shou,成功
伸缩火蕈兽,shen suo huo xun shou,成功
伸缩雷蕈兽,shen suo lei xun shou,成功
伸缩岩蕈兽,shen suo yan xun shou,成功
神瞳,shen tong,成功
神通,shen tong,成功
神无冢,shen wu zhong,成功
神性之陨,shen xing zhi yun,成功
神樱大祓,shen ying da fu,成功
神樱眷顾,shen ying juan gu,成功
神樱神游神乐舞,shen ying shen you shen yue wu,成功
神樱树,shen ying shu,成功
深渊法师,shen yuan fa shi,成功
深渊教团,shen yuan jiao tuan,成功
深渊使徒,shen yuan shi tu,成功
深渊司铎,shen yuan si duo,成功
深渊咏者,shen yuan yong zhe,成功
深渊之火,shen yuan zhi huo,成功
深渊之灾,shen yuan zhi zai,成功
神之心,shen zhi xin,成功
神之眼,shen zhi yan,成功
神之嘴,shen zhi zui,成功
神铸定轨,shen zhu ding gui,成功
神铸赋形,shen zhu fu xing,成功
圣骸赤鹫,sheng hai chi jiu,成功
圣骸毒蝎,sheng hai du xie,成功
圣骸飞蛇,sheng hai fei she,成功
圣鹮,sheng huan,成功
圣金虫,sheng jin chong,成功
生灵之华,sheng ling zhi hua,成功
盛露厅,sheng lu ting,成功
生论派,sheng lun pai,成功
生灭之花,sheng mie zhi hua,成功
生命杯,sheng ming bei,成功
生命沙,sheng ming sha,成功
生命头,sheng ming tou,成功
生命值,sheng ming zhi,成功
生命之殿,sheng ming zhi dian,成功
生命值上限,sheng ming zhi shang xian,成功
盛世太平,sheng shi tai ping,成功
圣水,sheng shui,成功
昇堂吊云,sheng tang diao yun,成功
升天宝诰,sheng tian bao gao,成功
声望,sheng wang,成功
声望等级,sheng wang deng ji,成功
声望经验,sheng wang jing yan,成功
生物炼金,sheng wu lian jin,成功
圣显厅,sheng xian ting,成功
圣显之钥,sheng xian zhi yao,成功
圣仪,sheng yi,成功
圣仪仓鹫庇卫,sheng yi cang jiu bi wei,成功
生意红火的食肆,sheng yi hong huo de shi si,成功
圣仪灰鸰衒潮,sheng yi hui ling xuan chao,成功
圣遗物,sheng yi wu,成功
生长碧翡,sheng zhang bi fei,成功
生长碧翡断片,sheng zhang bi fei duan pian,成功
生长碧翡块,sheng zhang bi fei kuai,成功
生长碧翡碎屑,sheng zhang bi fei sui xie,成功
生之花,sheng zhi hua,成功
是额外条款,shi e wai tiao kuan,成功
施放,shi fang,成功
世纷鸠羽寻栖枝,shi fen jiu yu xun qi zhi,成功
誓奉常道,shi feng chang dao,成功
诗歌沉思间,shi ge chen si jian,成功
士官的徽记,shi guan de hui ji,成功
识果种雷,shi guo zhong lei,成功
石化,shi hua,成功
石化的骨片,shi hua de gu pian,成功
失活菌核,shi huo jun he,成功
施加,shi jia,成功
识见沉降之地,shi jian chen jiang zhi di,成功
世界任务,shi jie ren wu,成功
什锦炒面,shi jin chao mian,成功
饰金套,shi jin tao,成功
饰金胸花,shi jin xiong hua,成功
饰金之梦,shi jin zhi meng,成功
市井杂煮,shi jing za zhu,成功
史莱姆,shi lai mu,成功
史莱姆凝液,shi lai mu ning ye,成功
史莱姆枪,shi lai mu qiang,成功
史莱姆清,shi lai mu qing,成功
史莱姆原浆,shi lai mu yuan jiang,成功
式乐五番,shi le wu fan,成功
嗜雷,shi lei,成功
十连,shi lian,成功
释凌咏冰,shi ling yong bing,成功
失落的苗圃,shi luo de miao pu,成功
失落迷途的机芯,shi luo mi tu de ji xin,成功
室罗婆耽学院,shi luo po dan xue yuan,成功
石门,shi men,成功
失梦的国土,shi meng de guo tu,成功
饰梦天球,shi meng tian qiu,成功
嗜魔,shi mo,成功
嗜能之雷,shi neng zhi lei,成功
十年花坂,shi nian hua ban,成功
石珀,shi po,成功
势如火,shi ru huo,成功
嗜髓蜥,shi sui xi,成功
世外洞天,shi wai dong tian,成功
逝往星芒,shi wang xing mang,成功
诗文的,shi wen de,成功
诗文的教导,shi wen de jiao dao,成功
诗文的哲学,shi wen de zhe xue,成功
诗文的指引,shi wen de zhi yin,成功
事务所,shi wu suo,成功
式小将,shi xiao jiang,成功
狮牙斗士,shi ya dou shi,成功
狮牙斗士的枷锁,shi ya dou shi de jia suo,成功
狮牙斗士的理想,shi ya dou shi de li xiang,成功
狮牙斗士的镣铐,shi ya dou shi de liao kao,成功
狮牙斗士的铁链,shi ya dou shi de tie lian,成功
嗜岩,shi yan,成功
誓言岬,shi yan jia,成功
试验型超燃灯,shi yan xing chao ran deng,成功
世有源泉,shi you yuan quan,成功
拾玉得花,shi yu de hua,成功
时与风,shi yu feng,成功
时雨心地一本足,shi yu xin di yi ben zu,成功
石鸢,shi yuan,成功
识蕴领域,shi yun ling yu,成功
施展居合,shi zhan ju he,成功
石者八荒韫玉而明,shi zhe ba huang yun yu er ming,成功
矢志不忘,shi zhi bu wang,成功
时之沙,shi zhi sha,成功
拾枝者,shi zhi zhe,成功
识种心雷,shi zhong xin lei,成功
噬罪的告解,shi zui de gao jie,成功
试作澹月,shi zuo dan yue,成功
试作古华,shi zuo gu hua,成功
试作金珀,shi zuo jin po,成功
试作澹月,shi zuo tan yue,成功
试作星镰,shi zuo xing lian,成功
试作斩岩,shi zuo zhan yan,成功
首充,shou chong,成功
兽骨拉面,shou gu la mian,成功
售后服务弹,shou hou fu wu dan,成功
守护徽印,shou hu hui yin,成功
守护束带,shou hu shu dai,成功
守护之花,shou hu zhi hua,成功
守护之皿,shou hu zhi min,成功
守护之心,shou hu zhi xin,成功
守护众人的坚盾,shou hu zhong ren de jian dun,成功
守护座钟,shou hu zuo zhong,成功
收获时节的小镇摊位,shou huo shi jie de xiao zhen tan wei,成功
兽境,shou jing,成功
兽径的终点,shou jing de zhong dian,成功
兽境猎犬,shou jing lie quan,成功
兽境犬首,shou jing quan shou,成功
兽境王器,shou jing wang qi,成功
兽境幼兽,shou jing you shou,成功
狩猎陷阱,shou lie xian jing,成功
狩猎与歌舞之营,shou lie yu ge wu zhi ying,成功
守秘的魔瓶,shou mi de mo ping,成功
兽米香香,shou mi xiang xiang,成功
受人之托忠人之事,shou ren zhi tuo zhong ren zhi shi,成功
兽肉,shou rou,成功
兽肉薄荷卷,shou rou bo he juan,成功
守戍的誓命,shou shu de shi ming,成功
兽牙逐突形胜战法,shou ya zhu tu xing sheng zhan fa,成功
舒茨,shu ci,成功
鼠光戏法,shu guang xi fa,成功
曙光预言,shu guang yu yan,成功
书记官,shu ji guan,成功
殊解诸因探案集,shu jie zhu yin tan an ji,成功
殊境,shu jing,成功
树莓,shu mei,成功
树莓薄荷饮,shu mei bo he yin,成功
树莓水馒头,shu mei shui man tou,成功
殊胜之御体,shu sheng zhi yu ti,成功
树王圣体菇,shu wang sheng ti gu,成功
双冰,shuang bing,成功
双份加冰,shuang fen jia bing,成功
双风,shuang feng,成功
霜华矢,shuang hua shi,成功
双黄,shuang huang,成功
双火,shuang huo,成功
霜见雪关扉,shuang jian xue guan fei,成功
霜劫精油,shuang jie jing you,成功
霜铠王,shuang kai wang,成功
双雷,shuang lei,成功
霜灭,shuang mie,成功
霜杀墨染樱,shuang sha mo ran ying,成功
双生素馨,shuang sheng su xin,成功
双生芽绿,shuang sheng ya lv,成功
双手剑,shuang shou jian,成功
双水,shuang shui,成功
双岩,shuang yan,成功
霜葬,shuang zang,成功
霜之实,shuang zhi shi,成功
水爆,shui bao,成功
水铳,shui chong,成功
水铳重卫士,shui chong zhong wei shi,成功
水光破镜,shui guang po jing,成功
水晶块,shui jing kuai,成功
水晶矿,shui jing kuang,成功
水晶棱镜,shui jing leng jing,成功
水晶虾,shui jing xia,成功
水晶宴,shui jing yan,成功
睡莲座,shui lian zuo,成功
水陆自在,shui lu zi zai,成功
水畔的宁静时光,shui pan de ning jing shi guang,成功
水飘浮灵,shui piao fu ling,成功
水枪,shui qiang,成功
水丘丘萨满,shui qiu qiu sa man,成功
水伤,shui shang,成功
水伤杯,shui shang bei,成功
水神瞳,shui shen tong,成功
水深渊法师,shui shen yuan fa shi,成功
水史莱姆,shui shi lai mu,成功
水套,shui tao,成功
水天丛林,shui tian cong lin,成功
水行剑,shui xing jian,成功
水蕈兽,shui xun shou,成功
水影,shui ying,成功
水萤,shui ying,成功
水影破裂,shui ying po lie,成功
水囿,shui you,成功
水有常形,shui you chang xing,成功
水元素,shui yuan su,成功
水元素伤害,shui yuan su shang hai,成功
水月,shui yue,成功
水月池,shui yue chi,成功
水泽荻原,shui ze di yuan,成功
水之幻形,shui zhi huan xing,成功
水之药剂师,shui zhi yao ji shi,成功
水之绽放,shui zhi zhan fang,成功
水中翻沸的画彩,shui zhong fan fei de hua cai,成功
水中幻愿,shui zhong huan yuan,成功
水煮黑背鲈,shui zhu hei bei lu,成功
顺风而行,shun feng er xing,成功
瞬水剑,shun shui jian,成功
瞬移,shun yi,成功
说不定就成功了,shuo bu ding jiu cheng gong le,成功
铄石之丘,shuo shi zhi qiu,成功
四方八方之网,si fang ba fang zhi wang,成功
四方和平,si fang he ping,成功
四风原典,si feng yuan dian,成功
肆阶,si jie,成功
斯卡拉姆齐,si ka la mu qi,成功
四灵捧圣,si ling peng sheng,成功
斯坦利,si tan li,成功
斯万,si wan,成功
四叶草座,si ye cao zuo,成功
思忆之矢,si yi zhi shi,成功
四因订顽,si yin ding wan,成功
死兆星,si zhao xing,成功
死之羽,si zhi yu,成功
四宗室,si zong shi,成功
松风霞立,song feng xia li,成功
松籁,song lai,成功
松籁响起之时,song lai xiang qi zhi shi,成功
松木,song mu,成功
松茸酿肉卷,song rong niang rou juan,成功
松鼠,song shu,成功
松鼠鱼,song shu yu,成功
薮猫座,sou mao zuo,成功
素鲍鱼,su bao yu,成功
素论派,su lun pai,成功
素霓伣天,su ni xian tian,成功
速射弓斗,su she gong dou,成功
溯因反绎法,su yin fan yi fa,成功
碎冰反应,sui bing fan ying,成功
碎石,sui shi,成功
锁国令,suo guo ling,成功
所闻遍计,suo wen bian ji,成功
踏鞴砂,ta bei sha,成功
踏尘摄斗,ta chen she dou,成功
踏火息雷,ta huo xi lei,成功
踏火止水,ta huo zhi shui,成功
塔尼特,ta ni te,成功
塔尼特部族,ta ni te bu zu,成功
塔尼特露营地,ta ni te lu ying di,成功
太郎丸,tai lang wan,成功
太山府,tai shan fu,成功
太阳蟹,tai yang xie,成功
太阳之华,tai yang zhi hua,成功
瘫痪状态,tan huan zhuang tai,成功
贪生怕死角斗士,tan sheng pa si jiao dou shi,成功
探索派遣,tan suo pai qian,成功
弹跳型,tan tiao xing,成功
唐娜,tang na,成功
倘若不知,tang ruo bu zhi,成功
糖霜史莱姆,tang shuang shi lai mu,成功
唐无仇,tang wu chou,成功
唐雅菁,tang ya jing,成功
陶典,tao dian,成功
讨伐悬赏,tao fa xuan shang,成功
讨龙,tao long,成功
讨龙英杰谭,tao long ying jie tan,成功
逃跑的太阳,tao pao de tai yang,成功
特工祭刀,te gong ji dao,成功
特调的余韵,te tiao de yu yun,成功
特瓦林,te wa lin,成功
特许经营,te xu jing ying,成功
特制的留影机,te zhi de liu ying ji,成功
藤兜砦,teng dou zhai,成功
藤纹陆鳗鳗,teng wen lu man man,成功
藤原俊子,teng yuan jun zi,成功
薙草之稻光,ti cao zhi dao guang,成功
替代冲刺,ti dai chong ci,成功
薙刀,ti dao,成功
体力,ti li,成功
体力上限,ti li shang xian,成功
体力消耗,ti li xiao hao,成功
提米,ti mi,成功
提纳里,ti na li,成功
提神醒脑披萨,ti shen xing nao pi sa,成功
提瓦特,ti wa te,成功
提瓦特煎蛋,ti wa te jian dan,成功
提瓦特焦蛋,ti wa te jiao dan,成功
天臂池,tian bi chi,成功
天才的发现,tian cai de fa xian,成功
天地交泰,tian di jiao tai,成功
天赋,tian fu,成功
天赋书,tian fu shu,成功
天赋素材,tian fu su cai,成功
天工峡,tian gong xia,成功
天狗传弓术,tian gou chuan gong shu,成功
天狗咒雷,tian gou zhou lei,成功
天狗咒雷伏,tian gou zhou lei fu,成功
天光的,tian guang de,成功
天光的教导,tian guang de jiao dao,成功
天光的哲学,tian guang de zhe xue,成功
天光的指引,tian guang de zhi yin,成功
天衡赤枫,tian heng chi feng,成功
天衡方士,tian heng fang shi,成功
天衡古城垣,tian heng gu cheng yuan,成功
天衡山,tian heng shan,成功
天狐霆雷,tian hu ting lei,成功
天狐显真,tian hu xian zhen,成功
天狐之凭,tian hu zhi ping,成功
天玑星,tian ji xing,成功
天街巡游,tian jie xun you,成功
天空之傲,tian kong zhi ao,成功
天空之脊,tian kong zhi ji,成功
天空之卷,tian kong zhi juan,成功
天空之刃,tian kong zhi ren,成功
天空之翼,tian kong zhi yi,成功
天理,tian li,成功
天领奉行,tian ling feng xing,成功
天领奉行府,tian ling feng xing fu,成功
天目锻冶屋,tian mu duan ye wu,成功
天目影打刀,tian mu ying da dao,成功
天牛座,tian niu zuo,成功
天遒谷,tian qiu gu,成功
天权星,tian quan xing,成功
天使的馈赠,tian shi de kui zeng,成功
天使灭尽,tian shi mie jin,成功
天守阁,tian shou ge,成功
天枢肉,tian shu rou,成功
天枢星,tian shu xing,成功
天隼座,tian sun zuo,成功
甜甜花,tian tian hua,成功
甜甜花鳉,tian tian hua jiang,成功
甜甜花酿鸡,tian tian hua niang ji,成功
田铁嘴,tian tie zui,成功
天威压众,tian wei ya zhong,成功
天下名物狩,tian xia ming wu shou,成功
天下人座,tian xia ren zuo,成功
甜虾寿司,tian xia shou si,成功
天星,tian xing,成功
天星漫散,tian xing man san,成功
天璇星,tian xuan xing,成功
天云草实,tian yun cao shi,成功
天云峠,tian yun qia,成功
天罪国罪镇词,tian zui guo zui zhen ci,成功
调和的色温,tiao he de se wen,成功
调酒师,tiao jiu shi,成功
调律,tiao lv,成功
跳跃能力,tiao yue neng li,成功
铁蜂刺,tie feng ci,成功
铁尖枪,tie jian qiang,成功
铁匠铺,tie jiang pu,成功
铁影阔剑,tie ying kuo jian,成功
铁与沙与金钱,tie yu sha yu jin qian,成功
铁棕林立菇,tie zong lin li gu,成功
停摆之刻,ting bai zhi ke,成功
庭火焰硝,ting huo yan xiao,成功
霆霓快雨,ting ni kuai yu,成功
听凭风引,ting ping feng yin,成功
痛苦之心,tong ku zhi xin,成功
童梦的切片,tong meng de qie pian,成功
同袍的义理,tong pao de yi li,成功
通赛识,tong sai shi,成功
统辖矩阵,tong xia ju zhen,成功
偷懒的新方法,tou lan de xin fang fa,成功
头晕回避术,tou yun hui bi shu,成功
荼诃之座,tu he zhi zuo,成功
图莱杜拉的回忆,tu lai du la de hui yi,成功
吐纳真定,tu na zhen ding,成功
图书管理员,tu shu guan li yuan,成功
兔兔伯爵,tu tu bo jue,成功
秃秃豆,tu tu dou,成功
吐息冰霜的巨藤,tu xi bing shuang de ju teng,成功
抟风密道,tuan feng mi dao,成功
团子牛奶,tuan zi niu nai,成功
推己及人,tui ji ji ren,成功
褪色红绸,tui shai hong chou,成功
退邪之刃,tui xie zhi ren,成功
吞雷,tun lei,成功
吞天之鲸,tun tian zhi jing,成功
吞咽之间,tun yan zhi jian,成功
吞羊岩,tun yang yan,成功
托付于命运吧,tuo fu yu ming yun ba,成功
托马,tuo ma,成功
驮兽,tuo shou,成功
瓦格纳,wa ge na,成功
挖矿,wa kuang,成功
外景锚点,wai jing mao dian,成功
外景磐石,wai jing pan shi,成功
外景奇石,wai jing qi shi,成功
万灯送火,wan deng song huo,成功
万国诸海图谱,wan guo zhu hai tu pu,成功
晚花空言约,wan hua kong yan yue,成功
万劫之真意,wan jie zhi zhen yi,成功
婉拒风蚀的聚落,wan ju feng shi de ju luo,成功
玩具铺,wan ju pu,成功
玩具摊,wan ju tan,成功
万卷书斋,wan juan shu zhai,成功
完美烹饪,wan mei peng ren,成功
万民堂,wan min tang,成功
万民堂水煮鱼,wan min tang shui zhu yu,成功
万千的愿望,wan qian de yuan wang,成功
蔓生之草,wan sheng zhi cao,成功
万世之集,wan shi zhi ji,成功
万水一露,wan shui yi lu,成功
万文集舍,wan wen ji she,成功
晚星,wan xing,成功
晚星与飞星,wan xing yu fei xing,成功
万叶之一刀,wan ye zhi yi dao,成功
挽漪的节音,wan yi de jie yin,成功
万用的桌椅,wan yong de zhuo yi,成功
万有铺子,wan you pu zi,成功
望风角,wang feng jiao,成功
望风山地,wang feng shan di,成功
望泷村,wang long cun,成功
网破,wang po,成功
忘却之峡,wang que zhi xia,成功
往生秘传枪法,wang sheng mi chuan qiang fa,成功
往生堂,wang sheng tang,成功
望舒客栈,wang shu ke zhan,成功
王树瑞佑,wang shu rui you,成功
往昔的桓那兰那,wang xi de huan na lan na,成功
王下近侍,wang xia jin shi,成功
王小美,wang xiao mei,成功
忘形炼智,wang xing lian zhi,成功
忘玄,wang xuan,成功
望月吼哕声,wang yue hou hui sheng,成功
亡者狭廊,wang zhe xia lang,成功
亡者之城,wang zhe zhi cheng,成功
味噌汤,wei ceng tang,成功
唯此一心,wei ci yi xin,成功
薇尔,wei er,成功
尉官的徽记,wei guan de hui ji,成功
微光的海渊民,wei guang de hai yuan min,成功
微光花蜜,wei guang hua mi,成功
煟煌随狼行,wei huang sui lang xing,成功
微氪,wei ke,成功
伟力如此,wei li ru ci,成功
未名的剑冢,wei ming de jian zhong,成功
维摩庄,wei mo zhuang,成功
未熟之玉,wei shu zhi yu,成功
委托任务,wei tuo ren wu,成功
唯一的真相,wei yi de zhen xiang,成功
问答效果,wen da xiao guo,成功
温迪,wen di,成功
文火慢炖腌笃鲜,wen huo man dun yan du xian,成功
温妮莎,wen ni sha,成功
温泉白石,wen quan bai shi,成功
温泉白石秘火,wen quan bai shi mi huo,成功
温如水,wen ru shui,成功
稳如钟,wen ru zhong,成功
文心豆腐,wen xin dou fu,成功
我讲你听,wo jiang ni ting,成功
我界,wo jie,成功
我流剑术,wo liu jian shu,成功
卧苔石,wo tai shi,成功
五百藏,wu bai cang,成功
五宝腌菜,wu bao yan cai,成功
无边际的眷顾,wu bian ji de juan gu,成功
舞遍节拍,wu bian jie pai,成功
无常之面,wu chang zhi mian,成功
物超所值,wu chao suo zhi,成功
无典石,wu dian shi,成功
乌冬面,wu dong mian,成功
无锋剑,wu feng jian,成功
无福之地,wu fu zhi di,成功
无工,wu gong,成功
无工之剑,wu gong zhi jian,成功
无垢之花,wu gou zhi hua,成功
无垢之土,wu gou zhi tu,成功
无垢之心,wu gou zhi xin,成功
雾海纪行,wu hai ji xing,成功
雾海悬谜境,wu hai xuan mi jing,成功
雾海云间,wu hai yun jian,成功
雾海云间的汞丹,wu hai yun jian de gong dan,成功
雾海云间的金丹,wu hai yun jian de jin dan,成功
雾海云间的铅丹,wu hai yun jian de qian dan,成功
雾海云间的转还,wu hai yun jian de zhuan hai,成功
雾海云间寻访记,wu hai yun jian xun fang ji,成功
雾海中的石林,wu hai zhong de shi lin,成功
呜呼流,wu hu liu,成功
污秽的面具,wu hui de mian ju,成功
污秽逆位神像,wu hui ni wei shen xiang,成功
无羁的朱赤之蝶,wu ji de zhu chi zhi die,成功
无尽的渴慕,wu jin de ke mu,成功
雾踞,wu ju,成功
无可奈何燃花作香,wu ke nai he ran hua zuo xiang,成功
五郎,wu lang,成功
物理抗性,wu li kang xing,成功
武炼之魂,wu lian zhi hun,成功
五绿洲的孑遗,wu lv zhou de jie yi,成功
五绿洲之殿堂,wu lv zhou zhi dian tang,成功
无冕的龙王,wu mian de long wang,成功
无名遗迹,wu ming yi ji,成功
无明增长,wu ming zeng zhang,成功
无明砦,wu ming zhai,成功
武器池,wu qi chi,成功
武器原胚,wu qi yuan pei,成功
雾切,wu qie,成功
雾切御腰物,wu qie yu yao wu,成功
雾切之巴印,wu qie zhi ba yin,成功
雾切之回光,wu qie zhi hui guang,成功
勿扰沉眠,wu rao chen mian,成功
武人,wu ren,成功
武人的红花,wu ren de hong hua,成功
武人的酒杯,wu ren de jiu bei,成功
武人的水漏,wu ren de shui lou,成功
武人的头巾,wu ren de tou jin,成功
武人的羽饰,wu ren de yu shi,成功
舞扇摇赤香,wu shan yao chi xiang,成功
物伤杯,wu shang bei,成功
无矢之歌,wu shi zhi ge,成功
务守本真,wu shou ben zhen,成功
无妄坡,wu wang po,成功
无妄引咎密宫,wu wang yin jiu mi gong,成功
无相冰,wu xiang bing,成功
无相草,wu xiang cao,成功
无相风,wu xiang feng,成功
无相火,wu xiang huo,成功
无相雷,wu xiang lei,成功
无想刃狭间,wu xiang ren xia jian,成功
无相水,wu xiang shui,成功
无相铁,wu xiang tie,成功
无相岩,wu xiang yan,成功
无相之冰,wu xiang zhi bing,成功
无相之草,wu xiang zhi cao,成功
无相之风,wu xiang zhi feng,成功
无相之火,wu xiang zhi huo,成功
无相之雷,wu xiang zhi lei,成功
无相之水,wu xiang zhi shui,成功
无相之岩,wu xiang zhi yan,成功
无心的渊镜,wu xin de yuan jing,成功
雾虚,wu xu,成功
雾虚草囊,wu xu cao nang,成功
雾虚灯芯,wu xu deng xin,成功
雾虚花粉,wu xu hua fen,成功
乌眼,wu yan,成功
无意弄花,wu yi nong hua,成功
无忧节,wu you jie,成功
乌有亭,wu you ting,成功
乌羽,wu yu,成功
无郁稠林,wu yu chou lin,成功
乌羽的加护,wu yu de jia hu,成功
乌羽护持,wu yu hu chi,成功
无郁夷摩,wu yu yi mo,成功
梧枝锦簇,wu zhi jin cu,成功
无主的星尘,wu zhu de xing chen,成功
无主的星辉,wu zhu de xing hui,成功
悉般多摩学院,xi ban duo mo xue yuan,成功
喜多院十文字,xi duo yuan shi wen zi,成功
西风长枪,xi feng chang qiang,成功
西风吹拂之时,xi feng chui fu zhi shi,成功
西风大剑,xi feng da jian,成功
西风大教堂,xi feng da jiao tang,成功
西风剑,xi feng jian,成功
西风剑术,xi feng jian shu,成功
西风教会,xi feng jiao hui,成功
西风猎弓,xi feng lie gong,成功
西风秘典,xi feng mi dian,成功
西风骑士,xi feng qi shi,成功
西风之鹰,xi feng zhi ying,成功
西风之鹰的抗争,xi feng zhi ying de kang zheng,成功
西风之鹰的庙宇,xi feng zhi ying de miao yu,成功
西福斯的月光,xi fu si de yue guang,成功
希古居,xi gu ju,成功
曦红摇曳菇,xi hong yao ye gu,成功
昔日宗室之仪,xi ri zong shi zhi yi,成功
西狩,xi shou,成功
吸收效果,xi shou xiao guo,成功
蜥蜴尾巴,xi yi wei ba,成功
息灾,xi zai,成功
洗濯诸类之形,xi zhuo zhu lei zhi xing,成功
下风蚀地,xia feng shi di,成功
夏祭的女王,xia ji de nv wang,成功
夏祭水玉,xia ji shui yu,成功
夏祭套,xia ji tao,成功
夏祭游鱼,xia ji you yu,成功
夏祭之花,xia ji zhi hua,成功
夏祭之刻,xia ji zhi ke,成功
夏祭之面,xia ji zhi mian,成功
夏祭终末,xia ji zhong mo,成功
狭间之街,xia jian zhi jie,成功
夏堇芳菲,xia jin fang fei,成功
遐久瞬梦间,xia jiu shun meng jian,成功
匣里,xia li,成功
匣里龙吟,xia li long yin,成功
匣里灭辰,xia li mie chen,成功
匣里日月,xia li ri yue,成功
下落攻击,xia luo gong ji,成功
霞幕倾松风,xia mu qing song feng,成功
暇憩焰火,xia qi yan huo,成功
虾仁,xia ren,成功
夏夜的追想,xia ye de zhui xiang,成功
匣中玉栉,xia zhong yu zhi,成功
霰步,xian bu,成功
仙法,xian fa,成功
弦发的苍风,xian fa de cang feng,成功
仙狐座,xian hu zuo,成功
仙家符箓,xian jia fu lu,成功
仙家琥珀,xian jia hu po,成功
仙麟座,xian lin zuo,成功
仙女俯瞰的湖畔,xian nv fu kan de hu pan,成功
先遣队,xian qian dui,成功
闲趣机关,xian qu ji guan,成功
线圈,xian quan,成功
纤拳石,xian quan shi,成功
现人神巫女,xian ren shen wu nv,成功
显生之宙,xian sheng zhi zhou,成功
闲时茶话,xian shi cha hua,成功
仙速瓶,xian su ping,成功
仙跳墙,xian tiao qiang,成功
鲜虾脆薯盏,xian xia cui shu zhan,成功
显象缚结,xian xiang fu jie,成功
线香烟火,xian xiang yan huo,成功
贤医之羽,xian yi zhi yu,成功
鲜鱼炖萝卜,xian yu dun luo bo,成功
弦月舞步,xian yue wu bu,成功
闲云录,xian yun lu,成功
贤智的定期,xian zhi de ding qi,成功
衔珠海皇,xian zhu hai huang,成功
仙祖法蜕,xian zu fa tui,成功
镶边红绸,xiang bian hong chou,成功
向拂晓的初光,xiang fu xiao de chu guang,成功
降魔,xiang mo,成功
降魔大圣,xiang mo da sheng,成功
香嫩椒椒鸡,xiang nen jiao jiao ji,成功
香浓土豆泥,xiang nong tu dou ni,成功
相闻之剑法,xiang wen zhi jian fa,成功
香辛果,xiang xin guo,成功
香辛料,xiang xin liao,成功
缃叶,xiang ye,成功
乡野的水源,xiang ye de shui yuan,成功
缃叶剑骨树,xiang ye jian gu shu,成功
缃叶盘伏树,xiang ye pan fu shu,成功
缃叶却砂树,xiang ye que sha shu,成功
缃叶珍枝树,xiang ye zhen zhi shu,成功
相遇之缘,xiang yu zhi yuan,成功
向着星辰,xiang zhe xing chen,成功
向着星辰与深渊,xiang zhe xing chen yu shen yuan,成功
香醉坡,xiang zui po,成功
小艾咪,xiao ai mi,成功
魈宝,xiao bao,成功
小保底,xiao bao di,成功
小仓澪,xiao cang ling,成功
小灯草,xiao deng cao,成功
宵宫,xiao gong,成功
小貉座,xiao hao zuo,成功
小吉祥,xiao ji xiang,成功
小猫座,xiao mao zuo,成功
翛然旋舞的姿影,xiao ran xuan wu de zi ying,成功
小小的慧风,xiao xiao de hui feng,成功
小型风灵,xiao xing feng ling,成功
小月卡,xiao yue ka,成功
邪恶的扩张,xie e de kuo zhang,成功
斜弧彩陶石,xie hu cai tao shi,成功
蟹黄,xie huang,成功
蟹黄豆腐,xie huang dou fu,成功
蟹黄火腿焗时蔬,xie huang huo tui ju shi shu,成功
蟹黄壳壳烧,xie huang ke ke shao,成功
谢落的筵席,xie luo de yan xi,成功
协同攻击,xie tong gong ji,成功
邪眼,xie yan,成功
谢莹,xie ying,成功
新兵的徽记,xin bing de hui ji,成功
心海,xin hai,成功
心景幻成,xin jing huan cheng,成功
心魔,xin mo,成功
信使,xin shi,成功
心识蕴藏之种,xin shi yun cang zhi zhong,成功
新手长枪,xin shou chang qiang,成功
新手盗宝鼬,xin shou dao bao you,成功
辛焱,xin yan,成功
新叶效果,xin ye xiao guo,成功
新叶状态,xin ye zhuang tai,成功
心猿大将,xin yuan da jiang,成功
新月轩,xin yue xuan,成功
心斋,xin zhai,成功
星缠,xing chan,成功
星尘,xing chen,成功
星辰与深渊之旅,xing chen yu shen yuan zhi lv,成功
星斗归位,xing dou gui wei,成功
行度誓惩,xing du shi cheng,成功
行幡鸣弦,xing fan ming xian,成功
星光弹,xing guang dan,成功
形骸之笠,xing hai zhi li,成功
星花篱墙,xing hua li qiang,成功
杏黄枯叶菇,xing huang ku ye gu,成功
星辉,xing hui,成功
星流摇床之梦,xing liu yao chuang zhi meng,成功
星螺,xing luo,成功
星罗圭璧之晷,xing luo gui bi zhi gui,成功
星落湖,xing luo hu,成功
星命定轨,xing ming ding gui,成功
杏仁豆腐,xing ren dou fu,成功
星示昭明,xing shi zhao ming,成功
星天的花雨,xing tian de hua yu,成功
星天水镜,xing tian shui jing,成功
行相,xing xiang,成功
星相的气泡,xing xiang de qi pao,成功
星蕈,xing xun,成功
星岩,xing yan,成功
星异,xing yi,成功
醒意汤泉,xing yi tang quan,成功
星银矿石,xing yin kuang shi,成功
星荧洞窟,xing ying dong ku,成功
行远升高,xing yuan sheng gao,成功
星月的连珠,xing yue de lian zhu,成功
幸运儿,xing yun er,成功
幸运儿绿花,xing yun er lv hua,成功
幸运儿沙漏,xing yun er sha lou,成功
幸运儿银冠,xing yun er yin guan,成功
幸运儿鹰羽,xing yun er ying yu,成功
幸运儿之杯,xing yun er zhi bei,成功
行者之心,xing zhe zhi xin,成功
星之归还,xing zhi gui huan,成功
凶将显形,xiong jiang xian xing,成功
凶将之手眼,xiong jiang zhi shou yan,成功
袖火百景图,xiu huo bai jing tu,成功
休眠菌核,xiu mian jun he,成功
朽木与磐石的对谈,xiu mu yu pan shi de dui tan,成功
绪风之拥,xu feng zhi yong,成功
虚极花蕊,xu ji hua rui,成功
虚空华开敷变,xu kong hua kai fu bian,成功
蓄力,xu li,成功
蓄力攻击,xu li gong ji,成功
蓄力箭,xu li jian,成功
须弥,xu mi,成功
须弥城,xu mi cheng,成功
须弥飞行冠军,xu mi fei xing guan jun,成功
须弥蔷薇,xu mi qiang wei,成功
蓄能容器,xu neng rong qi,成功
徐如旷林,xu ru kuang lin,成功
虚弱状态,xu ruo zhuang tai,成功
墟散人离之处,xu san ren li zhi chu,成功
虚实流动,xu shi liu dong,成功
虚言假说百物语,xu yan jia shuo bai wu yu,成功
虚影,xu ying,成功
须臾树脂,xu yu shu zhi,成功
须臾一瞬的烈风,xu yu yi shun de lie feng,成功
玄此玉田,xuan ci yu tian,成功
悬鲷狩,xuan diao shou,成功
喧哗屋传说,xuan hua wu chuan shuo,成功
悬神系流,xuan shen xi liu,成功
漩涡之魔神,xuan wo zhi mo shen,成功
旋舞步,xuan wu bu,成功
玄岩之塔,xuan yan zhi ta,成功
旋曜玉帛,xuan yao yu bo,成功
旋云开相,xuan yun kai xiang,成功
玄掷玲珑,xuan zhi ling long,成功
旋转火蕈兽,xuan zhuan huo xun shou,成功
旋转雷蕈兽,xuan zhuan lei xun shou,成功
旋转斩击,xuan zhuan zhan ji,成功
血赤叶红,xue chi ye hong,成功
雪鹤座,xue he zuo,成功
血斛,xue hu,成功
雪狐,xue hu,成功
雪霁梅香,xue ji mei xiang,成功
雪解甚三红,xue jie shen san hong,成功
血梅香,xue mei xiang,成功
学士,xue shi,成功
学士的镜片,xue shi de jing pian,成功
学士的墨杯,xue shi de mo bei,成功
学士的时钟,xue shi de shi zhong,成功
学士的书签,xue shi de shu qian,成功
学士的羽笔,xue shi de yu bi,成功
学士套,xue shi tao,成功
学徒笔记,xue tu bi ji,成功
雪团雀,xue tuan que,成功
雪隐鼬,xue yin you,成功
血玉之枝,xue yu zhi zhi,成功
削月筑阳真君,xue yue zhu yang zhen jun,成功
雪葬的星银,xue zang de xing yin,成功
雪葬之都,xue zang zhi du,成功
雪葬之都近郊,xue zang zhi du jin jiao,成功
雪葬之都旧宫,xue zang zhi du jiu gong,成功
血之灶火,xue zhi zao huo,成功
雪中君,xue zhong jun,成功
雪猪,xue zhu,成功
靴子鼬,xue zi you,成功
寻宝罗盘,xun bao luo pan,成功
寻宝鸦印,xun bao ya yin,成功
巡护深林,xun hu shen lin,成功
勋绩之花,xun ji zhi hua,成功
迅捷的剑舞,xun jie de jian wu,成功
迅捷流风,xun jie liu feng,成功
迅捷之风,xun jie zhi feng,成功
迅雷霆霓,xun lei ting ni,成功
训练大剑,xun lian da jian,成功
巡林常途的百千趣事,xun lin chang tu de bai qian qu shi,成功
巡林官,xun lin guan,成功
巡林官精选,xun lin guan jing xuan,成功
巡林犬,xun lin quan,成功
纁漫雁来中,xun man yan lai zhong,成功
迅破枪势,xun po qiang shi,成功
熏禽肉,xun qin rou,成功
蕈兽,xun shou,成功
蕈兽孢子,xun shou bao zi,成功
蕈王钩喙,xun wang gou hui,成功
熏习成就之芽,xun xi cheng jiu zhi ya,成功
寻仙的美食家,xun xian de mei shi jia,成功
巡仪蒇护禁罔,xun yi chan hu jin wang,成功
蕈猪,xun zhu,成功
牙纛叹海,ya dao tan hai,成功
鸦喙戟手,ya hui ji shou,成功
芽绿,ya lv,成功
芽绿锦簇,ya lv jin cu,成功
鸦印,ya yin,成功
鸦羽,ya yu,成功
鸦羽弓,ya yu gong,成功
鸦羽天狗霆雷召咒,ya yu tian gou ting lei zhao zhou,成功
岩本,yan ben,成功
岩藏之胤,yan cang zhi yin,成功
腌笃鲜,yan du xian,成功
岩盾,yan dun,成功
岩盾丘丘暴徒,yan dun qiu qiu bao tu,成功
岩盾丘丘人,yan dun qiu qiu ren,成功
嫣朵拉,yan duo la,成功
烟绯,yan fei,成功
岩港三鲜,yan gang san xian,成功
烟海梭巡,yan hai suo xun,成功
烟红垂露树,yan hong chui lu shu,成功
烟红悬针树,yan hong xuan zhen shu,成功
殷红终夜,yan hong zhong ye,成功
烟花桶,yan hua tong,成功
烟火打扬,yan huo da yang,成功
焰火箭,yan huo jian,成功
烟火之邀,yan huo zhi yao,成功
岩脊,yan ji,成功
岩晶崩破,yan jing beng po,成功
岩晶蝶,yan jing die,成功
烟景迷宫,yan jing mi gong,成功
岩盔王,yan kui wang,成功
酽冽的白光,yan lie de bai guang,成功
烟林之真果,yan lin zhi zhen guo,成功
延命妙法,yan ming miao fa,成功
宴宁,yan ning,成功
岩飘浮灵,yan piao fu ling,成功
岩枪,yan qiang,成功
岩丘丘萨满,yan qiu qiu sa man,成功
炎色配比法,yan se pei bi fa,成功
岩伤,yan shang,成功
岩伤杯,yan shang bei,成功
岩上茶室,yan shang cha shi,成功
延烧的晴蓝,yan shao de qing lan,成功
岩神,yan shen,成功
岩神瞳,yan shen tong,成功
岩神瞳共鸣石,yan shen tong gong ming shi,成功
岩史莱姆,yan shi lai mu,成功
眼识殊明,yan shi shu ming,成功
岩使游击兵,yan shi you ji bing,成功
眼狩令,yan shou ling,成功
岩王帝君,yan wang di jun,成功
岩王帝君座,yan wang di jun zuo,成功
岩王爷,yan wang ye,成功
炎威,yan wei,成功
炎舞,yan wu,成功
演武传心,yan wu chuan xin,成功
烟霞入梦阁,yan xia ru meng ge,成功
焰硝,yan xiao,成功
言笑,yan xiao,成功
焰硝矢,yan xiao shi,成功
焰硝庭火舞,yan xiao ting huo wu,成功
衍溢的汐潮,yan yi de xi chao,成功
岩雨,yan yu,成功
岩元素,yan yuan su,成功
岩元素伤害,yan yuan su shang hai,成功
掩月天权,yan yue tian quan,成功
岩者六合引之为古,yan zhe lu he yin zhi wei gu,成功
岩之魔蜥厄灵,yan zhi mo xi e ling,成功
炎之魔蝎厄灵,yan zhi mo xie e ling,成功
岩之印,yan zhi yin,成功
岩中幽谷,yan zhong you gu,成功
炎昼风物诗,yan zhou feng wu shi,成功
岩主,yan zhu,成功
岩尊像,yan zun xiang,成功
阳华,yang hua,成功
阳华领域,yang hua ling yu,成功
仰灵威召将役咒,yang ling wei zhao jiang yi zhou,成功
央陆,yang lu,成功
央陆武器原胚,yang lu wu qi yuan pei,成功
阳辔之遗,yang pei zhi yi,成功
要道正门妖邪退散,yao dao zheng men yao xie tui san,成功
曜光灵炬,yao guang ling ju,成功
瑶光滩,yao guang tan,成功
瑶光星,yao guang xing,成功
摇滚的食谱,yao gun de shi pu,成功
摇滚鸡,yao gun ji,成功
妖狸,yao li,成功
遥水莲华,yao shui lian hua,成功
飖扬,yao yang,成功
瑶瑶,yao yao,成功
摇曳的炙热火花,yao ye de zhi re huo hua,成功
夜泊石,ye bo shi,成功
夜叉,ye cha,成功
夜叉傩面,ye cha nuo mian,成功
野伏,ye fu,成功
野伏众,ye fu zhong,成功
野干役咒,ye gan yi zhou,成功
野菇鸡肉串,ye gu ji rou chuan,成功
业果木,ye guo mu,成功
野狐供真篇,ye hu gong zhen pian,成功
野狐说禅,ye hu shuo chan,成功
野花记忆的绿野,ye hua ji yi de lv ye,成功
野火的豪烈,ye huo de hao lie,成功
夜兰,ye lan,成功
野林猪,ye lin zhu,成功
叶轮舞者,ye lun wu zhe,成功
谒颂幽境,ye song you jing,成功
椰炭饼,ye tan bing,成功
夜枭座,ye xiao zuo,成功
夜行,ye xing,成功
椰羊,ye yang,成功
夜莺座,ye ying zuo,成功
一唱三叹,yi chang san tan,成功
一触即发,yi chu ji fa,成功
移灯,yi deng,成功
伊甸之花,yi dian zhi hua,成功
一斗轰临,yi dou hong lin,成功
一段蓄力,yi duan xu li,成功
义贯,yi guan,成功
异国之盏,yi guo zhi zhan,成功
熠辉轨度剑,yi hui gui du jian,成功
遗迹防卫者,yi ji fang wei zhe,成功
遗迹机兵,yi ji ji bing,成功
遗迹歼击者,yi ji jian ji zhe,成功
遗迹巨蛇,yi ji ju she,成功
遗迹巨像,yi ji ju xiang,成功
遗迹猎者,yi ji lie zhe,成功
遗迹龙兽,yi ji long shou,成功
遗迹守卫,yi ji shou wei,成功
遗迹巡弋者,yi ji xun yi zhe,成功
遗迹侦察者,yi ji zhen cha zhe,成功
遗迹重机,yi ji zhong ji,成功
壹阶,yi jie,成功
异界之星,yi jie zhi xing,成功
以局入局,yi ju ru ju,成功
仪来羽衣,yi lai yu yi,成功
以理服人,yi li fu ren,成功
异梦溶媒,yi meng rong mei,成功
异世界行记,yi shi jie xing ji,成功
意外订单,yi wai ding dan,成功
移宵导天真君,yi xiao dao tian zhen jun,成功
攲斜弥亘树,yi xie mi gen shu,成功
一心二用术,yi xin er yong shu,成功
一心净土,yi xin jing tu,成功
益智海域,yi zhi hai yu,成功
引蝶座,yin die zuo,成功
银钩白椰树,yin gou bai ye shu,成功
因果点破,yin guo dian po,成功
银剑,yin jian,成功
引领之风,yin ling zhi feng,成功
饮露,yin lu,成功
因论派,yin lun pai,成功
堙没的蓝宝石泪滴,yin mo de lan bao shi lei di,成功
阴燃之火,yin ran zhi huo,成功
阴燃之珠,yin ran zhi zhu,成功
隐视元件,yin shi yuan jian,成功
隐兽,yin shou,成功
隐兽鬼爪,yin shou gui zhua,成功
隐兽利爪,yin shou li zhua,成功
隐兽指爪,yin shou zhi zhao,成功
因提瓦特,yin ti wa te,成功
引谒归灵,yin ye gui ling,成功
夤夜刻像,yin ye ke xiang,成功
因由勘破,yin you kan po,成功
吟游诗人,yin you shi ren,成功
吟游者之壶,yin you zhe zhi hu,成功
银原厅,yin yuan ting,成功
影打刀镡,ying da dao chan,成功
荧光孢粉,ying guang bao fen,成功
荧光狭道,ying guang xia dao,成功
影貉缭乱,ying hao liao luan,成功
映红石,ying hong shi,成功
盈极花蕊,ying ji hua rui,成功
应急食品,ying ji shi pin,成功
萦金的苍瞳,ying jin de cang tong,成功
盈泪的故园,ying lei de gu yuan,成功
萦络纵命索,ying luo zong ming suo,成功
盈满之实,ying man zhi shi,成功
莺泣石,ying qi shi,成功
盈缺流返,ying que liu fan,成功
樱染的街巷,ying ran de jie xiang,成功
映天座,ying tian zuo,成功
影徙露草自伤悼,ying xi lu cao zi shang dao,成功
应弦而砰,ying xian er peng,成功
影向祓行,ying xiang fu xing,成功
鹰翔海滩,ying xiang hai tan,成功
影向山,ying xiang shan,成功
应有尽有的果蔬市场,ying you jin you de guo shu shi chang,成功
鹰之门,ying zhi men,成功
樱之斋宫,ying zhi zhai gong,成功
佣兵重剑,yong bing zhong jian,成功
永不休止,yong bu xiu zhi,成功
咏唱,yong chang,成功
用臣的久计,yong chen de jiu ji,成功
涌动爆发,yong dong bao fa,成功
永恒的信仰,yong heng de xin yang,成功
永恒绿洲,yong heng lv zhou,成功
永劫龙兽,yong jie long shou,成功
涌泉之盏,yong quan zhi zhan,成功
永生香,yong sheng xiang,成功
勇士的冠冕,yong shi de guan mian,成功
勇士的坚毅,yong shi de jian yi,成功
勇士的期许,yong shi de qi xu,成功
勇士的勋章,yong shi de xun zhang,成功
勇士的壮行,yong shi de zhuang xing,成功
永世流沔,yong shi liu mian,成功
勇士之心,yong shi zhi xin,成功
勇往直前少女心,yong wang zhi qian shao nv xin,成功
永无谢幕,yong wu xie mu,成功
永续机芯,yong xu ji xin,成功
悠长的介质,you chang de jie zhi,成功
幽尘的斑斓,you chen de ban lan,成功
幽灯蕈,you deng xun,成功
幽蝶能留一缕芳,you die neng liu yi lv fang,成功
有顶塔,you ding ta,成功
由繁花明了悟觉,you fan hua ming liao wu jue,成功
幽芳与恬谧之中,you fang yu tian mi zhi zhong,成功
优风倾姿,you feng qing zi,成功
尤夫腾,you fu teng,成功
幽浮鳐,you fu yao,成功
由根须断定肇始,you gen xu duan ding zhao shi,成功
悠古的磐岩,you gu de pan yan,成功
幽谷祝祀,you gu zhu si,成功
游光示现,you guang shi xian,成功
有话直说,you hua zhi shuo,成功
由茎干剖析来缘,you jing gan pou xi lai yuan,成功
幽客座,you ke zuo,成功
优菈,you la,成功
幽林月影,you lin yue ying,成功
幼鹿座,you lu zuo,成功
悠眠花火,you mian hua huo,成功
幼狮座,you shi zuo,成功
幼兽,you shou,成功
由硕实品论应果,you shuo shi pin lun ying guo,成功
幽邃刻像,you sui ke xiang,成功
游侠,you xia,成功
幽香酣睡的枝梢,you xiang han shui de zhi shao,成功
幼岩龙蜥,you yan long xi,成功
幽夜华尔兹,you ye hua er zi,成功
幽夜净土,you ye jing tu,成功
由叶片管窥枯荣,you ye pian guan kui ku rong,成功
游医,you yi,成功
有翼冰本真蕈,you yi bing ben zhen xun,成功
有翼草本真蕈,you yi cao ben zhen xun,成功
游医的方巾,you yi de fang jin,成功
游医的怀钟,you yi de huai zhong,成功
游医的枭羽,you yi de xiao yu,成功
游医的药壶,you yi de yao hu,成功
游医的银莲,you yi de yin lian,成功
幽仪逝往星芒,you yi shi wang xing mang,成功
幽幽大行军,you you da xing jun,成功
由枝节知晓造化,you zhi jie zhi xiao zao hua,成功
雨裁,yu cai,成功
渔采的家常茶饭,yu cai de jia chang cha fan,成功
雨的尽头,yu de jin tou,成功
御敌的执定,yu di de zhi ding,成功
鱼饵图纸,yu er tu zhi,成功
御公仪,yu gong yi,成功
玉衡星,yu heng xing,成功
玉衡之贵,yu heng zhi gui,成功
渔获,yu huo,成功
狱火之蝶,yu huo zhi die,成功
御伽大王御伽话,yu jia da wang yu jia hua,成功
御伽木,yu jia mu,成功
玉京台,yu jing tai,成功
玉颗珊珊月中落,yu ke shan shan yue zhong luo,成功
驭浪的海祇民,yu lang de hai qi min,成功
愈疗草芯,yu liao cao xin,成功
愈疗之水,yu liao zhi shui,成功
雨林沙拉,yu lin sha la,成功
与谋者,yu mou zhe,成功
与谋者以局入局,yu mou zhe yi ju ru ju,成功
淤泥涌口,yu ni yong kou,成功
雨奇晴好,yu qi qing hao,成功
玉签偶开,yu qian ou kai,成功
羽球节,yu qiu jie,成功
渔人吐司,yu ren tu si,成功
愚人众,yu ren zhong,成功
愚人众先遣队,yu ren zhong xian qian dui,成功
鱼肉,yu rou,成功
御三家,yu san jia,成功
郁生蝶绿,yu sheng die lv,成功
郁生栌青,yu sheng lu qing,成功
郁生彤丹,yu sheng tong dan,成功
御汤奉行,yu tang feng xing,成功
羽团扇座,yu tuan shan zuo,成功
愚妄行宫,yu wang xing gong,成功
鱼线稳定器,yu xian wen ding qi,成功
余响套,yu xiang tao,成功
鱼香吐司,yu xiang tu si,成功
羽仪裁落钧衡,yu yi cai luo jun heng,成功
御咏鸣神刈山祭,yu yong ming shen yi shan ji,成功
玉璋护盾,yu zhang hu dun,成功
远程状态,yuan cheng zhuang tai,成功
原粹树脂,yuan cui shu zhi,成功
远方的少女之心,yuan fang de shao nv zhi xin,成功
渊宫之羽,yuan gong zhi yu,成功
远国监司,yuan guo jian si,成功
远海夷地,yuan hai yi di,成功
远海夷地的瑚枝,yuan hai yi di de hu zhi,成功
远海夷地的金枝,yuan hai yi di de jin zhi,成功
远海夷地的琼枝,yuan hai yi di de qiong zhi,成功
远海夷地的玉枝,yuan hai yi di de yu zhi,成功
渊火,yuan huo,成功
渊火加护,yuan huo jia hu,成功
原激化,yuan ji hua,成功
原浆,yuan jiang,成功
缘觉塔,yuan jue ta,成功
愿力,yuan li,成功
愿力层数,yuan li ceng shu,成功
源流,yuan liu,成功
远吕羽氏遗事,yuan lv yu shi yi shi,成功
圆满之相,yuan man zhi xiang,成功
远梦聆泉,yuan meng ling quan,成功
原木刀,yuan mu dao,成功
元能构装体,yuan neng gou zhuang ti,成功
元能屏障,yuan neng ping zhang,成功
元能沙钟,yuan neng sha zhong,成功
原胚,yuan pei,成功
渊青宝珠,yuan qing bao zhu,成功
原神,yuan shen,成功
原石,yuan shi,成功
元素爆发,yuan su bao fa,成功
元素反应,yuan su fan ying,成功
元素方碑,yuan su fang bei,成功
元素附着,yuan su fu zhuo,成功
元素攻击,yuan su gong ji,成功
元素共鸣,yuan su gong ming,成功
元素核心,yuan su he xin,成功
元素护盾,yuan su hu dun,成功
元素护罩,yuan su hu zhao,成功
原素花蜜,yuan su hua mi,成功
元素晶球,yuan su jing qiu,成功
元素精通,yuan su jing tong,成功
元素抗性,yuan su kang xing,成功
元素能量,yuan su neng liang,成功
元素生命,yuan su sheng ming,成功
元素微粒,yuan su wei li,成功
元素增幅,yuan su zeng fu,成功
元素战技,yuan su zhan ji,成功
远眺高车之所,yuan tiao gao che zhi suo,成功
渊图玲珑骰,yuan tu ling long tou,成功
渊下宫,yuan xia gong,成功
原岩共鸣,yuan yan gong ming,成功
原岩喷吐,yuan yan pen tu,成功
爰爰可亲,yuan yuan ke qin,成功
渊月祝福,yuan yue zhu fu,成功
原种,yuan zhong,成功
渊中霞彩,yuan zhong xia cai,成功
远驻前哨的生活,yuan zhu qian shao de sheng huo,成功
月彩,yue cai,成功
越祓草轮,yue fu cao lun,成功
越祓雷草之轮,yue fu lei cao zhi lun,成功
月光鳍,yue guang qi,成功
月桂,yue gui,成功
月桂的宝冠,yue gui de bao guan,成功
月海亭,yue hai ting,成功
月卡党,yue ka dang,成功
月莲,yue lian,成功
月亮派,yue liang pai,成功
钺矛,yue mao,成功
月女的华彩,yue nv de hua cai,成功
月摄千川,yue she qian chuan,成功
越石村,yue shi cun,成功
乐团的晨光,yue tuan de chen guang,成功
乐团套,yue tuan tao,成功
月浴渊之钥,yue yu yuan zhi yao,成功
月浴之渊,yue yu zhi yuan,成功
云翰社,yun han she,成功
云霁,yun ji,成功
云堇,yun jin,成功
云尽光生,yun jin guang sheng,成功
云开星落,yun kai xing luo,成功
云来古剑法,yun lai gu jian fa,成功
云来海,yun lai hai,成功
云来剑法,yun lai jian fa,成功
云台团团降芦菔,yun tai tuan tuan jiang lu fu,成功
云行,yun xing,成功
运行原理,yun xing yuan li,成功
云游山海,yun you shan hai,成功
云遮玉,yun zhe yu,成功
蕴种印,yun zhong yin,成功
杂工,za gong,成功
杂菇荟萃,za gu hui cui,成功
再次施放,zai ci shi fang,成功
再生之间,zai sheng zhi jian,成功
在下荒泷一斗是也,zai xia huang long yi dou shi ye,成功
在罪之先,zai zui zhi xian,成功
暂别喧扰与烦忧,zan bie xuan rao yu fan you,成功
藏银鸦印,zang yin ya yin,成功
造生缠藤箭,zao sheng chan teng jian,成功
枣椰,zao ye,成功
枣椰蜜糖,zao ye mi tang,成功
早柚,zao you,成功
早柚不用工作啦,zao you bu yong gong zuo la,成功
增伤,zeng shang,成功
炸萝卜丸子,zha luo bo wan zi,成功
债务处理人,zhai wu chu li ren,成功
摘星崖,zhai xing ya,成功
战斗覆盖,zhan dou fu gai,成功
绽放,zhan fang,成功
斩风之剑,zhan feng zhi jian,成功
斩击,zhan ji,成功
战狂,zhan kuang,成功
战狂的骨杯,zhan kuang de gu bei,成功
战狂的鬼面,zhan kuang de gui mian,成功
战狂的翎羽,zhan kuang de ling yu,成功
战狂的蔷薇,zhan kuang de qiang wei,成功
战狂的时计,zhan kuang de shi ji,成功
战狂套,zhan kuang tao,成功
占理不饶人,zhan li bu rao ren,成功
斩裂晴空的龙脊,zhan lie qing kong de long ji,成功
斩水斩雨,zhan shui zhan yu,成功
斩铁断金,zhan tie duan jin,成功
战欲涌现,zhan yu yong xian,成功
昭告黎明的火之鸟,zhao gao li ming de huo zhi niao,成功
昭理的鸢之枪,zhao li de yuan zhi qiang,成功
朝露之时,zhao lu zhi shi,成功
昭武翎羽,zhao wu ling yu,成功
昭心,zhao xin,成功
照月石,zhao yue shi,成功
兆载永劫龙兽,zhao zai yong jie long shou,成功
啁哳之沙,zhao zha zhi sha,成功
哲伯莱勒,zhe bo lai le,成功
这才是摇滚,zhe cai shi yao gun,成功
折草,zhe cao,成功
折胫谷,zhe jing gu,成功
磔砾,zhe li,成功
遮诠,zhe quan,成功
折旋落英之庭,zhe xuan luo ying zhi ting,成功
侦察骑士,zhen cha qi shi,成功
侦察骑士烤肉,zhen cha qi shi kao rou,成功
侦查骑士烤肉,zhen cha qi shi kao rou,成功
阵代屋敷,zhen dai wu fu,成功
阵刀番,zhen dao fan,成功
真道正理,zhen dao zheng li,成功
振奋的渐变,zhen fen de jian bian,成功
真果角鲀,zhen guo jiao tun,成功
真红炽火之大铠,zhen hong chi huo zhi da kai,成功
真火炼宝印,zhen huo lian bao yin,成功
鸩棘鱼,zhen ji yu,成功
真空弹,zhen kong dan,成功
震雷连山密宫,zhen lei lian shan mi gong,成功
镇灵的低语,zhen ling de di yu,成功
镇灵监牢,zhen ling jian lao,成功
镇灵之灯,zhen ling zhi deng,成功
阵前斧手,zhen qian fu shou,成功
真实的虚无,zhen shi de xu wu,成功
镇石断片,zhen shi duan pian,成功
镇守之森,zhen shou zhi sen,成功
真味茶泡饭,zhen wei cha pao fan,成功
真夏宵祭锦绘,zhen xia xiao ji jin hui,成功
真影旧事,zhen ying jiu shi,成功
珍枝树,zhen zhi shu,成功
珍珠翡翠白玉汤,zhen zhu fei cui bai yu tang,成功
珍珠纪行,zhen zhu ji xing,成功
真珠御呗,zhen zhu yu bei,成功
珍珠之歌,zhen zhu zhi ge,成功
真珠之笼,zhen zhu zhi long,成功
正等善见之恨,zheng deng shan jian zhi hen,成功
正逢花期的灌木丛,zheng feng hua qi de guan mu cong,成功
正格之庭,zheng ge zhi ting,成功
正机之神,zheng ji zhi shen,成功
正理,zheng li,成功
正论,zheng lun,成功
正论效果,zheng lun xiao guo,成功
证誓之明瞳,zheng shi zhi ming tong,成功
正思无邪,zheng si wu xie,成功
征讨领域,zheng tao ling yu,成功
证悟木,zheng wu mu,成功
诤言的,zheng yan de,成功
诤言的教导,zheng yan de jiao dao,成功
诤言的哲学,zheng yan de zhe xue,成功
诤言的指引,zheng yan de zhi yin,成功
知比山,zhi bi shan,成功
治草药剂,zhi cao yao ji,成功
志村堪兵卫,zhi cun kan bing wei,成功
志村屋,zhi cun wu,成功
至冬,zhi dong,成功
至冬国,zhi dong guo,成功
智度,zhi du,成功
摭分的指法,zhi fen de zhi fa,成功
至高的智慧,zhi gao de zhi hui,成功
指挥的礼帽,zhi hui de li mao,成功
智慧宫,zhi hui gong,成功
智慧主座,zhi hui zhu zuo,成功
只角,zhi jiao,成功
织金红绸,zhi jin hong chou,成功
治疗加成,zhi liao jia cheng,成功
治疗量,zhi liao liang,成功
治疗头,zhi liao tou,成功
至烈至强的醇香,zhi lie zhi qiang de chun xiang,成功
知论派,zhi lun pai,成功
志琼,zhi qiong,成功
炙热余烬,zhi re yu jin,成功
枝梢,zhi shao,成功
枝社旧绪,zhi she jiu xu,成功
智识之冕,zhi shi zhi mian,成功
织狩的奉祀,zhi shou de feng si,成功
止水融冰,zhi shui rong bing,成功
止水息雷,zhi shui xi lei,成功
执望三千里,zhi wang san qian li,成功
执行官,zhi xing guan,成功
指引,zhi yin,成功
纸映成戏,zhi ying cheng xi,成功
终归万劫,zhong gui wan jie,成功
重击,zhong ji,成功
重击伤害,zhong ji shang hai,成功
钟剑,zhong jian,成功
钟离,zhong li,成功
终命的圣礼,zhong ming de sheng li,成功
终末,zhong mo,成功
终末番,zhong mo fan,成功
终末嗟叹之时,zhong mo jie tan zhi shi,成功
终末王国的施洗者,zhong mo wang guo de shi xi zhe,成功
终幕的时计,zhong mu de shi ji,成功
柊千里,zhong qian li,成功
众人祈祷中,zhong ren qi dao zhong,成功
忠如山,zhong ru shan,成功
柊慎介,zhong shen jie,成功
众生之谣,zhong sheng zhi yao,成功
众王之都的开端,zhong wang zhi du de kai duan,成功
仲夏庭园,zhong xia ting yuan,成功
中原杂碎,zhong yuan za sui,成功
重云,zhong yun,成功
周天运转,zhou tian yun zhuan,成功
咒咏,zhou yong,成功
诸般切末,zhu ban qie mo,成功
祝祷,zhu dao,成功
珠钿舫,zhu dian fang,成功
煮饭机,zhu fan ji,成功
逐光之石,zhu guang zhi shi,成功
祝祭厅,zhu ji ting,成功
竹节,zhu jie,成功
诸苦灭尽,zhu ku mie jin,成功
注能之刺,zhu neng zhi ci,成功
注能之锋,zhu neng zhi feng,成功
注能之卷,zhu neng zhi juan,成功
注能之矢,zhu neng zhi shi,成功
注能之针,zhu neng zhi zhen,成功
祝圣交响乐,zhu sheng jiao xiang yue,成功
祝圣精华,zhu sheng jing hua,成功
祝圣油膏,zhu sheng you gao,成功
竺生御纳户,zhu sheng yu na hu,成功
祝祀之凭,zhu si zhi ping,成功
竹笋,zhu sun,成功
诸武精通,zhu wu jing tong,成功
主线任务,zhu xian ren wu,成功
诸相随念净行,zhu xiang sui nian jing xing,成功
祝言,zhu yan,成功
诸叶辨通,zhu ye bian tong,成功
朱殷石,zhu yin shi,成功
诸愿百眼,zhu yuan bai yan,成功
逐月节,zhu yue jie,成功
爪爪土豆饼,zhua zhua tu dou bing,成功
专武,zhuan wu,成功
庄谐并举,zhuang xie bing ju,成功
庄园烤松饼,zhuang yuan kao song bing,成功
追冰剑诀,zhui bing jian jue,成功
追加投资,zhui jia tou zi,成功
坠星山谷,zhui xing shan gu,成功
追叙之石,zhui xu zhi shi,成功
追忆套,zhui yi tao,成功
追忆之风,zhui yi zhi feng,成功
追忆之注连,zhui yi zhi zhu lian,成功
坠镞为林,zhui zu wei lin,成功
斫断黑翼的利齿,zhuo duan hei yi de li chi,成功
斫峰之刃,zhuo feng zhi ren,成功
琢光镜,zhuo guang jing,成功
灼热的诱因,zhuo re de you yin,成功
着意入深薄,zhuo yi ru shen bo,成功
酌盈剂虚,zhuo ying ji xu,成功
茁壮的萃华树,zhuo zhuang de cui hua shu,成功
茁壮菌核,zhuo zhuang jun he,成功
灼灼效果,zhuo zhuo xiao guo,成功
自卑者的逞强,zi bei zhe de cheng qiang,成功
紫电,zi dian,成功
紫晶的花冠,zi jing de hua guan,成功
紫晶块,zi jing kuai,成功
自律机关,zi lv ji guan,成功
咨询师,zi xun shi,成功
自由的教导,zi you de jiao dao,成功
自由的凛风,zi you de lin feng,成功
自由的哲学,zi you de zhe xue,成功
自由的指引,zi you de zhi yin,成功
自有方圆,zi you fang yuan,成功
紫苑叹幽弘,zi yuan tan you hong,成功
紫苑云霓,zi yuan yun ni,成功
自在的岩石与草木,zi zai de yan shi yu cao mu,成功
自在松石,zi zai song shi,成功
自在松石断片,zi zai song shi duan pian,成功
自在松石块,zi zai song shi kuai,成功
自在松石碎屑,zi zai song shi sui xie,成功
棕翎鹰,zong ling ying,成功
宗室,zong shi,成功
宗室长弓,zong shi chang gong,成功
宗室长剑,zong shi chang jian,成功
宗室大剑,zong shi da jian,成功
宗室猎枪,zong shi lie qiang,成功
宗室秘法录,zong shi mi fa lu,成功
宗室面具,zong shi mian ju,成功
宗室时计,zong shi shi ji,成功
宗室套,zong shi tao,成功
宗室银瓮,zong shi yin weng,成功
宗室之花,zong shi zhi hua,成功
宗室之翎,zong shi zhi ling,成功
总务司,zong wu si,成功
总务土地,zong wu tu di,成功
祖拜尔,zu bai er,成功
祖拜尔剧场,zu bai er ju chang,成功
阻拦攻击,zu lan gong ji,成功
最不安神晴又复雨,zui bu an shen qing you fu yu,成功
最恶鬼王,zui e gui wang,成功
罪罚裁断,zui fa cai duan,成功
醉汉峡,zui han xia,成功
最烈特调,zui lie te tiao,成功
最胜紫晶,zui sheng zi jing,成功
最胜紫晶断片,zui sheng zi jing duan pian,成功
最胜紫晶块,zui sheng zi jing kuai,成功
最胜紫晶碎屑,zui sheng zi jing sui xie,成功
罪之导引,zui zhi dao yin,成功
最终解释权,zui zhong jie shi quan,成功
遵法切结书,zun fa qie jie shu,成功
坐庄者,zuo zhuang zhe,成功
坐庄者三仙戏法,zuo zhuang zhe san xian xi fa,成功
